{
  "model": "clim_monthly",
  "val": {
    "rmse": 242.2329519001641,
    "mae": 134.82241581433098,
    "mbe": 4.426939436509796,
    "nrmse": 0.017943181622234378,
    "nmae": 0.009986845615876368,
    "nmbe": 0.013199893628019328,
    "r2": 0.7720377119030994,
    "mape_daytime": 2.574144128613378,
    "skill_mae": 0.1019007904269078,
    "skill_rmse": 0.23023120883589476,
    "ramp_mae": 68.77159594983966
  },
  "test": {
    "rmse": 259.1676729125256,
    "mae": 141.95946730246848,
    "mbe": -20.404802543868207,
    "nrmse": 0.01919760540092782,
    "nmae": 0.010515516096479147,
    "nmbe": -0.06371246194963737,
    "r2": 0.7334005614967445,
    "mape_daytime": 2.3806891045852216,
    "skill_mae": 0.03882301301312374,
    "skill_rmse": 0.17501652934755674,
    "ramp_mae": 60.72789207054508
  },
  "val_by_season": {
    "Winter": {
      "rmse": 153.61309319883398,
      "mae": 61.165251790251794,
      "mbe": 4.119542619542622,
      "nrmse": 0.011378747644358072,
      "nmae": 0.004530759391870504,
      "nmbe": 0.06401848022744898,
      "r2": 0.36119837190264303,
      "mape_daytime": 3.892866272573729,
      "skill_mae": 0.27259580998927146,
      "skill_rmse": 0.37764277890112674,
      "ramp_mae": 18.55425335182617
    },
    "Summer": {
      "rmse": 274.659091444197,
      "mae": 169.29845316434188,
      "mbe": -6.187427591640025,
      "nrmse": 0.02034511788475533,
      "nmae": 0.012540626160321621,
      "nmbe": -0.011927378670923847,
      "r2": 0.7861734127930905,
      "mape_daytime": 1.842067354305215,
      "skill_mae": 0.20542020310531306,
      "skill_rmse": 0.28964404487275053,
      "ramp_mae": 106.15119905604993
    },
    "Autumn": {
      "rmse": 224.49471911430948,
      "mae": 118.04935130534874,
      "mbe": 13.516986268939398,
      "nrmse": 0.016629238452911813,
      "nmae": 0.008744396392988796,
      "nmbe": 0.05993379499436834,
      "r2": 0.6861482053848487,
      "mape_daytime": 3.3669829195051397,
      "skill_mae": -0.0727540171466785,
      "skill_rmse": 0.1238048924045081,
      "ramp_mae": 45.53457045894007
    }
  },
  "test_by_season": {
    "Winter": {
      "rmse": 211.60642117252686,
      "mae": 92.54239886296754,
      "mbe": -37.63491891756515,
      "nrmse": 0.015674549716483473,
      "nmae": 0.0068549925083679665,
      "nmbe": -0.2590192157655438,
      "r2": 0.5463831342548064,
      "mape_daytime": 2.995673211329818,
      "skill_mae": 0.010491000157917929,
      "skill_rmse": 0.11231754692223106,
      "ramp_mae": 32.138055722544514
    },
    "Spring": {
      "rmse": 287.7107104597162,
      "mae": 174.28089176873019,
      "mbe": -18.198072721597995,
      "nrmse": 0.021311904478497498,
      "nmae": 0.012909695686572607,
      "nmbe": -0.04279808590244061,
      "r2": 0.735531242101464,
      "mape_daytime": 1.9795238464746994,
      "skill_mae": 0.045813650840470066,
      "skill_rmse": 0.1969275950943542,
      "ramp_mae": 76.66412859355175
    },
    "Summer": {
      "rmse": 287.14639621184523,
      "mae": 187.5404007523148,
      "mbe": 45.899016203703695,
      "nrmse": 0.021270103423099648,
      "nmae": 0.013891881537208505,
      "nmbe": 0.08587992175754257,
      "r2": 0.7737342288563112,
      "mape_daytime": 2.8231715867826677,
      "skill_mae": 0.08406660227435037,
      "skill_rmse": 0.20777217162384753,
      "ramp_mae": 102.56593829171193
    }
  }
}