{
  "model": "clim_seasonal",
  "val": {
    "rmse": 258.5780110093806,
    "mae": 152.02953338867238,
    "mbe": 13.854414734866264,
    "nrmse": 0.0191539267414356,
    "nmae": 0.011261446917679436,
    "nmbe": 0.04130998478779248,
    "r2": 0.7402355322354321,
    "mape_daytime": 3.8635513655161318,
    "skill_mae": -0.014947302412730012,
    "skill_rmse": 0.1760421347415969,
    "ramp_mae": 69.23405685990537
  },
  "test": {
    "rmse": 275.02244068597,
    "mae": 154.17646936124518,
    "mbe": -25.956453927916364,
    "nrmse": 0.02037203264340519,
    "nmae": 0.011420479211944088,
    "nmbe": -0.08104707603391391,
    "r2": 0.6997839988924777,
    "mape_daytime": 3.3508492373068415,
    "skill_mae": -0.04321861692403228,
    "skill_rmse": 0.12471755920979577,
    "ramp_mae": 60.703450447049036
  },
  "val_by_season": {
    "Winter": {
      "rmse": 170.2967849501453,
      "mae": 84.4545322462905,
      "mbe": 41.20522094972645,
      "nrmse": 0.012614576662973727,
      "nmae": 0.006255891277503,
      "nmbe": 0.6403370146296983,
      "r2": 0.21490458042573835,
      "mape_daytime": 8.11071332392145,
      "skill_mae": -0.08289428215543215,
      "skill_rmse": 0.2546836514453237,
      "ramp_mae": 20.9844642231159
    },
    "Summer": {
      "rmse": 276.2345122957738,
      "mae": 170.23679814576673,
      "mbe": 8.763824204087314,
      "nrmse": 0.020461815725612877,
      "nmae": 0.01261013319598272,
      "nmbe": 0.01689384616456592,
      "r2": 0.7837133960358434,
      "mape_daytime": 2.5779901739678626,
      "skill_mae": 0.1993246404583685,
      "skill_rmse": 0.2830889938450043,
      "ramp_mae": 106.58820057587133
    },
    "Autumn": {
      "rmse": 255.51828984250423,
      "mae": 148.06952761815597,
      "mbe": 13.516986268939394,
      "nrmse": 0.01892728072907439,
      "nmae": 0.010968113156900442,
      "nmbe": 0.05993379499436833,
      "r2": 0.5934103288321535,
      "mape_daytime": 5.037290899695419,
      "skill_mae": -0.3363118700204475,
      "skill_rmse": 0.011219833800717116,
      "ramp_mae": 45.682900128609404
    }
  },
  "test_by_season": {
    "Winter": {
      "rmse": 224.83941542716568,
      "mae": 99.17754518059351,
      "mbe": -39.47808927315504,
      "nrmse": 0.016654771513123383,
      "nmae": 0.007346484828192112,
      "nmbe": -0.27170468324517133,
      "r2": 0.487874496307249,
      "mape_daytime": 3.3641627846432596,
      "skill_mae": -0.05776209941900201,
      "skill_rmse": 0.05747263426626947,
      "ramp_mae": 32.127629276131664
    },
    "Spring": {
      "rmse": 309.128543163682,
      "mae": 193.49839605338835,
      "mbe": -18.198072721598006,
      "nrmse": 0.022898410604717187,
      "nmae": 0.014333214522473211,
      "nmbe": -0.042798085902440636,
      "r2": 0.6946903502633119,
      "mape_daytime": 3.6314644325530465,
      "skill_mae": -0.053419923264999225,
      "skill_rmse": 0.14224676176837792,
      "ramp_mae": 76.92589372730417
    },
    "Summer": {
      "rmse": 281.4505794468255,
      "mae": 186.27342393663193,
      "mbe": -7.446397569444443,
      "nrmse": 0.020848191070135223,
      "nmae": 0.013798031402713476,
      "nmbe": -0.013932674238622168,
      "r2": 0.7826215868571005,
      "mape_daytime": 1.9993098120629162,
      "skill_mae": 0.08645428001557398,
      "skill_rmse": 0.22057264958565748,
      "ramp_mae": 100.88463965798046
    }
  }
}