{
  "model": "clim_hourly",
  "val": {
    "rmse": 339.0239351332721,
    "mae": 217.09819844867306,
    "mbe": -7.026483240587376,
    "nrmse": 0.02511288408394608,
    "nmae": 0.016081348033235042,
    "nmbe": -0.020951005245271024,
    "r2": 0.5534631696998598,
    "mape_daytime": 6.283296077024671,
    "skill_mae": -0.4535413956857146,
    "skill_rmse": -0.08468742678590302,
    "ramp_mae": 68.75464211368124
  },
  "test": {
    "rmse": 340.77362510460773,
    "mae": 215.37706669090963,
    "mbe": 8.067284771308486,
    "nrmse": 0.02524249074848946,
    "nmae": 0.01595385679191923,
    "nmbe": 0.025189490215544265,
    "r2": 0.5390757894161495,
    "mape_daytime": 6.908051066384792,
    "skill_mae": -0.4498785107956942,
    "skill_rmse": -0.08077609678972353,
    "ramp_mae": 62.587149905719656
  },
  "val_by_season": {
    "Winter": {
      "rmse": 407.81655086825214,
      "mae": 268.3887346037231,
      "mbe": 263.2418043120492,
      "nrmse": 0.030208633397648305,
      "nmae": 0.019880647007683192,
      "nmbe": 4.090827987661401,
      "r2": -3.5023498692423836,
      "mape_daytime": 29.392343846725577,
      "skill_mae": -2.7212887010646973,
      "skill_rmse": -0.9226817644194496,
      "ramp_mae": 31.16576605696257
    },
    "Summer": {
      "rmse": 375.65046421015376,
      "mae": 243.34328092989495,
      "mbe": -190.16535268852567,
      "nrmse": 0.02782596031186324,
      "nmae": 0.018025428217029255,
      "nmbe": -0.3665778933187701,
      "r2": 0.600016933220219,
      "mape_daytime": 1.2090783029778542,
      "skill_mae": -0.15163251246968623,
      "skill_rmse": 0.016306355796318672,
      "ramp_mae": 99.96647604511121
    },
    "Autumn": {
      "rmse": 289.61022773254257,
      "mae": 185.99105806524904,
      "mbe": 102.74159784375988,
      "nrmse": 0.02145260946166982,
      "nmae": 0.01377711541224067,
      "nmbe": 0.45555227622827943,
      "r2": 0.47767579992226183,
      "mape_daytime": 10.198250566957906,
      "skill_mae": -0.6937175559665889,
      "skill_rmse": -0.1297740150055855,
      "ramp_mae": 48.61319058333574
    }
  },
  "test_by_season": {
    "Winter": {
      "rmse": 330.67716195969683,
      "mae": 215.0138572075494,
      "mbe": 183.11635902381107,
      "nrmse": 0.024494604589607172,
      "nmae": 0.0159269523857444,
      "nmbe": 1.260283191046075,
      "r2": -0.1077452907238241,
      "mape_daytime": 17.219241024338444,
      "skill_mae": -1.2708050984438182,
      "skill_rmse": -0.37434651584058587,
      "ramp_mae": 42.20290505553605
    },
    "Spring": {
      "rmse": 338.8180072823831,
      "mae": 209.75038564788977,
      "mbe": -96.9340730151097,
      "nrmse": 0.025097630169065417,
      "nmae": 0.01553706560354739,
      "nmbe": -0.22796879907235706,
      "r2": 0.6332287508677523,
      "mape_daytime": 3.02808937854762,
      "skill_mae": -0.14850230952810084,
      "skill_rmse": 0.05325897576680794,
      "ramp_mae": 73.66052286627557
    },
    "Summer": {
      "rmse": 392.98417445823856,
      "mae": 248.33191386701665,
      "mbe": -206.18217109563406,
      "nrmse": 0.029109938848758413,
      "nmae": 0.018394956582741973,
      "nmbe": -0.3857797004386447,
      "r2": 0.5761987404805784,
      "mape_daytime": 0.9359058684095602,
      "skill_mae": -0.24132945999750466,
      "skill_rmse": -0.10752153312813872,
      "ramp_mae": 94.05073298615504
    }
  }
}