{
  "model": "persistence",
  "val": {
    "rmse": 312.57107634692056,
    "mae": 149.6290681339265,
    "mbe": 1.554495434324514,
    "nrmse": 0.023153413062734857,
    "nmae": 0.011083634676587148,
    "nmbe": 0.004635070046158714,
    "r2": 0.6204280240357143,
    "mape_daytime": 1.6265618091500673,
    "skill_mae": 0.0,
    "skill_rmse": 0.0,
    "ramp_mae": 82.15126148802904
  },
  "test": {
    "rmse": 314.2844592634258,
    "mae": 147.83974246414985,
    "mbe": -2.1946736903716713,
    "nrmse": 0.023280330315809318,
    "nmae": 0.01095109203438147,
    "nmbe": -0.006852703606862134,
    "r2": 0.6079482604741867,
    "mape_daytime": 1.664448837268685,
    "skill_mae": 0.0,
    "skill_rmse": 0.0,
    "ramp_mae": 71.81023179583235
  },
  "val_by_season": {
    "Winter": {
      "rmse": 224.17716332044296,
      "mae": 79.9022869022869,
      "mbe": -2.2072072072072073,
      "nrmse": 0.016605715801514292,
      "nmae": 0.005918687918687919,
      "nmbe": -0.03430042215904196,
      "r2": -0.36048038464275445,
      "mape_daytime": 3.4574783157239706,
      "skill_mae": 0.0,
      "skill_rmse": 0.0,
      "ramp_mae": 20.120665742024965
    },
    "Summer": {
      "rmse": 381.53384033311943,
      "mae": 211.3881551508411,
      "mbe": -1.4532184067843736,
      "nrmse": 0.02826176595060144,
      "nmae": 0.01565838186302527,
      "nmbe": -0.0028013396476256145,
      "r2": 0.5873898813974051,
      "mape_daytime": 1.4746198532897454,
      "skill_mae": 0.0,
      "skill_rmse": 0.0,
      "ramp_mae": 134.24527252502781
    },
    "Autumn": {
      "rmse": 255.04583548064988,
      "mae": 108.95466382575758,
      "mbe": 4.757930871212121,
      "nrmse": 0.01889228410967777,
      "nmae": 0.008070715838945006,
      "nmbe": 0.021096481697837708,
      "r2": 0.5949125107031087,
      "mape_daytime": 1.6149303155384402,
      "skill_mae": 0.0,
      "skill_rmse": 0.0,
      "ramp_mae": 48.405824553095776
    }
  },
  "test_by_season": {
    "Winter": {
      "rmse": 238.85201084251264,
      "mae": 93.8950749464668,
      "mbe": -1.0356887937187722,
      "nrmse": 0.017692741543889827,
      "nmae": 0.006955190736775319,
      "nmbe": -0.007128042436169386,
      "r2": 0.4220512711398635,
      "mape_daytime": 2.047730429712768,
      "skill_mae": 0.0,
      "skill_rmse": 0.0,
      "ramp_mae": 37.78697886921759
    },
    "Spring": {
      "rmse": 356.4553859624623,
      "mae": 181.57724719101122,
      "mbe": -4.396535580524344,
      "nrmse": 0.026404102663886094,
      "nmae": 0.013450166458593425,
      "nmbe": -0.010339738186950966,
      "r2": 0.5940498754287405,
      "mape_daytime": 1.3860917065859784,
      "skill_mae": 0.0,
      "skill_rmse": 0.0,
      "ramp_mae": 90.31183425026337
    },
    "Summer": {
      "rmse": 362.9347814676328,
      "mae": 206.19205729166666,
      "mbe": 4.767578125,
      "nrmse": 0.026884057886491317,
      "nmae": 0.015273485725308641,
      "nmbe": 0.00892043599651125,
      "r2": 0.6385324624432172,
      "mape_daytime": 2.0735362377754347,
      "skill_mae": 0.0,
      "skill_rmse": 0.0,
      "ramp_mae": 124.1771986970684
    }
  }
}