{
  "model": "climatology_seasonal",
  "train": {
    "rmse": 459.08160678497035,
    "mae": 193.24736837619093,
    "mbe": 2.8276049118781377e-15,
    "nrmse": 0.03400604494703484,
    "nmae": 0.014314619879717848,
    "nmbe": 7.792527422751915e-18,
    "r2": 0.5071797425777763,
    "mape_daytime": 4.226478097296353,
    "skill_mae": 0.08936027280930559,
    "skill_rmse": 0.2306468232460367,
    "ramp_mae": 77.96957924330714
  },
  "val": {
    "rmse": 433.25601090964693,
    "mae": 184.48712313098997,
    "mbe": 9.111989235322513,
    "nrmse": 0.03209303784515903,
    "nmae": 0.013665712824517775,
    "nmbe": 0.024403730516039713,
    "r2": 0.5561003267979899,
    "mape_daytime": 4.089628720632416,
    "skill_mae": 0.12745635334760985,
    "skill_rmse": 0.25031364913868015,
    "ramp_mae": 76.15621146846033
  },
  "test": {
    "rmse": 461.2931726206897,
    "mae": 185.27539764930316,
    "mbe": -24.06758565027402,
    "nrmse": 0.03416986463856961,
    "nmae": 0.013724103529578011,
    "nmbe": -0.06789399870647497,
    "r2": 0.49539475017640866,
    "mape_daytime": 3.8847993188933394,
    "skill_mae": 0.10774121711166373,
    "skill_rmse": 0.22120152979959917,
    "ramp_mae": 67.73246258255367
  },
  "train_by_season": {
    "Winter": {
      "rmse": 319.5690189497758,
      "mae": 106.36149079432889,
      "mbe": 2.247053000056648e-15,
      "nrmse": 0.023671779181464875,
      "nmae": 0.007878628947728067,
      "nmbe": 1.7897596456004585e-17,
      "r2": 0.2677168975042229,
      "mape_daytime": 6.460671738389465,
      "skill_mae": -0.011719207714868674,
      "skill_rmse": 0.0980835165679762,
      "ramp_mae": 35.717492270207295
    },
    "Spring": {
      "rmse": 565.1907158625362,
      "mae": 247.77411734335192,
      "mbe": 4.3943576108611966e-15,
      "nrmse": 0.04186597895278046,
      "nmae": 0.018353638321729773,
      "nmbe": 9.580556221858028e-18,
      "r2": 0.4423637553879237,
      "mape_daytime": 4.116879169878372,
      "skill_mae": 0.0286269645776015,
      "skill_rmse": 0.15856006017665636,
      "ramp_mae": 91.99894584105402
    },
    "Summer": {
      "rmse": 461.2693280356703,
      "mae": 222.4665396670366,
      "mbe": 1.2286577501523464e-14,
      "nrmse": 0.034168098373012615,
      "nmae": 0.016479002938299007,
      "nmbe": 2.18926058573508e-17,
      "r2": 0.5985176618442616,
      "mape_daytime": 2.388893768693527,
      "skill_mae": 0.2479316534281878,
      "skill_rmse": 0.37262888266931204,
      "ramp_mae": 114.31897930516038
    },
    "Autumn": {
      "rmse": 405.6741238026312,
      "mae": 175.49284113608462,
      "mbe": 3.3314824240766602e-15,
      "nrmse": 0.0300499350964912,
      "nmae": 0.012999469713784045,
      "nmbe": 1.2509229911836023e-17,
      "r2": 0.42948221218789695,
      "mape_daytime": 5.531320078854565,
      "skill_mae": 0.0005310184593491085,
      "skill_rmse": 0.21642071660385498,
      "ramp_mae": 64.26850146019055
    }
  },
  "val_by_season": {
    "Winter": {
      "rmse": 187.18833857390354,
      "mae": 98.37774962445773,
      "mbe": 63.15855511222183,
      "nrmse": 0.013865802857326187,
      "nmae": 0.007287240712922795,
      "nmbe": 1.0398259484219736,
      "r2": 0.004950191470606824,
      "mape_daytime": 10.528520466008114,
      "skill_mae": 0.17686388742703563,
      "skill_rmse": 0.5727857645283525,
      "ramp_mae": 19.665217790197676
    },
    "Summer": {
      "rmse": 516.9590219046894,
      "mae": 214.89106812523414,
      "mbe": -8.823556925615247,
      "nrmse": 0.03829326088182884,
      "nmae": 0.01591785689816549,
      "nmbe": -0.01541162372287102,
      "r2": 0.5595601631657422,
      "mape_daytime": 2.577178053562227,
      "skill_mae": 0.25949523915661077,
      "skill_rmse": 0.23958544388912173,
      "ramp_mae": 114.83673939549966
    },
    "Autumn": {
      "rmse": 377.9273226137879,
      "mae": 171.65961708277985,
      "mbe": 16.171989468864474,
      "nrmse": 0.027994616489910217,
      "nmae": 0.012715527191317025,
      "nmbe": 0.06464918020784238,
      "r2": 0.450242099917333,
      "mape_daytime": 5.410403121905325,
      "skill_mae": -0.08499747842849836,
      "skill_rmse": 0.23702030746466085,
      "ramp_mae": 51.57103260220032
    }
  },
  "test_by_season": {
    "Winter": {
      "rmse": 356.1994253413181,
      "mae": 124.67838033315087,
      "mbe": -44.4415633702582,
      "nrmse": 0.026385142617875414,
      "nmae": 0.009235435580233398,
      "nmbe": -0.2607778120756986,
      "r2": 0.3357924757891647,
      "mape_daytime": 4.184120974311901,
      "skill_mae": 0.04785589474203655,
      "skill_rmse": 0.19020824893517618,
      "ramp_mae": 41.110638819076804
    },
    "Spring": {
      "rmse": 553.6542279466144,
      "mae": 235.36414390463594,
      "mbe": -16.24407444005271,
      "nrmse": 0.0410114242923418,
      "nmae": 0.017434381029973033,
      "nmbe": -0.034208896664547433,
      "r2": 0.4656815743713564,
      "mape_daytime": 4.109703127666652,
      "skill_mae": 0.05612688692302137,
      "skill_rmse": 0.13303477913252948,
      "ramp_mae": 83.67224983435851
    },
    "Summer": {
      "rmse": 284.25841804842133,
      "mae": 184.35136645304104,
      "mbe": 27.47159720106083,
      "nrmse": 0.021056179114697877,
      "nmae": 0.013655656774299337,
      "nmbe": 0.05140107159838114,
      "r2": 0.7782626824346843,
      "mape_daytime": 2.059986551255665,
      "skill_mae": 0.44287847828114035,
      "skill_rmse": 0.675742118837602,
      "ramp_mae": 102.30679053534469
    }
  }
}