{
  "model": "climatology_seasonal",
  "feature_set": null,
  "features": [],
  "params": {},
  "splits": {
    "train": {
      "rmse": 459.1039096224681,
      "mae": 193.26614529622023,
      "mbe": 7.069699141723639e-16,
      "nrmse": 0.03400769700907171,
      "nmae": 0.01431601076268298,
      "nmbe": 1.948131855687979e-18,
      "r2": 0.507164999034901,
      "mape_daytime": 4.226478097138417,
      "skill_mae": 0.09002164195452833,
      "skill_rmse": 0.23078602737737453,
      "ramp_mae": 77.97715526548471
    },
    "val": {
      "rmse": 433.2805670357703,
      "mae": 184.50803648168213,
      "mbe": 9.113022165009678,
      "nrmse": 0.03209485681746446,
      "nmae": 0.013667261961606083,
      "nmbe": 0.024403730516039716,
      "r2": 0.5560837359644827,
      "mape_daytime": 4.089628720632416,
      "skill_mae": 0.12745635334760996,
      "skill_rmse": 0.25031364913868004,
      "ramp_mae": 76.16484498070025
    },
    "test": {
      "rmse": 461.3193178397784,
      "mae": 185.29640028962382,
      "mbe": -24.07031400618978,
      "nrmse": 0.03417180132146507,
      "nmae": 0.013725659280712876,
      "nmbe": -0.06789399890026136,
      "r2": 0.49537770411753723,
      "mape_daytime": 3.8847993188933394,
      "skill_mae": 0.10806269061274143,
      "skill_rmse": 0.22125553508604068,
      "ramp_mae": 67.74014109514319
    }
  },
  "by_season": {
    "train": {
      "Winter": {
        "rmse": 319.5690189497758,
        "mae": 106.36149079432889,
        "mbe": 2.247053000056648e-15,
        "nrmse": 0.023671779181464875,
        "nmae": 0.007878628947728067,
        "nmbe": 1.7897596456004585e-17,
        "r2": 0.2677168975042229,
        "mape_daytime": 6.460671738389465,
        "skill_mae": 0.05311242457960619,
        "skill_rmse": 0.21662280418898328,
        "ramp_mae": 35.717492270207295
      },
      "Spring": {
        "rmse": 565.2760727634021,
        "mae": 247.84896226577402,
        "mbe": -8.791370021668541e-15,
        "nrmse": 0.041872301686177935,
        "nmae": 0.018359182390057335,
        "nmbe": -1.9161112443716053e-17,
        "r2": 0.4423018859907232,
        "mape_daytime": 4.116879169442022,
        "skill_mae": 0.06796689885950757,
        "skill_rmse": 0.2145935566947037,
        "ramp_mae": 92.0267369359726
      },
      "Summer": {
        "rmse": 461.2693280356703,
        "mae": 222.4665396670366,
        "mbe": 1.2286577501523464e-14,
        "nrmse": 0.034168098373012615,
        "nmae": 0.016479002938299007,
        "nmbe": 2.18926058573508e-17,
        "r2": 0.5985176618442616,
        "mape_daytime": 2.388893768693527,
        "skill_mae": 0.19079247342553174,
        "skill_rmse": 0.29474985912070895,
        "ramp_mae": 114.31897930516038
      },
      "Autumn": {
        "rmse": 405.6741238026312,
        "mae": 175.49284113608462,
        "mbe": 3.3314824240766602e-15,
        "nrmse": 0.0300499350964912,
        "nmae": 0.012999469713784045,
        "nmbe": 1.2509229911836023e-17,
        "r2": 0.42948221218789695,
        "mape_daytime": 5.531320078854565,
        "skill_mae": -0.0018236353859126808,
        "skill_rmse": 0.24993479271427654,
        "ramp_mae": 64.26850146019055
      }
    },
    "val": {
      "Winter": {
        "rmse": 187.3258254367828,
        "mae": 98.5223164865069,
        "mbe": 63.25136709622216,
        "nrmse": 0.013875987069391318,
        "nmae": 0.007297949369370881,
        "nmbe": 1.0398259484219736,
        "r2": 0.004796972030616464,
        "mape_daytime": 10.528520466008114,
        "skill_mae": -0.33931561830694257,
        "skill_rmse": 0.14465030108758448,
        "ramp_mae": 19.694137228124436
      },
      "Summer": {
        "rmse": 516.9590219046894,
        "mae": 214.89106812523414,
        "mbe": -8.823556925615247,
        "nrmse": 0.03829326088182884,
        "nmae": 0.01591785689816549,
        "nmbe": -0.01541162372287102,
        "r2": 0.5595601631657422,
        "mape_daytime": 2.577178053562227,
        "skill_mae": 0.25949523915661077,
        "skill_rmse": 0.23958544388912173,
        "ramp_mae": 114.83673939549966
      },
      "Autumn": {
        "rmse": 377.9273226137879,
        "mae": 171.65961708277985,
        "mbe": 16.171989468864474,
        "nrmse": 0.027994616489910217,
        "nmae": 0.012715527191317025,
        "nmbe": 0.06464918020784238,
        "r2": 0.450242099917333,
        "mape_daytime": 5.410403121905325,
        "skill_mae": -0.1748844960134761,
        "skill_rmse": 0.15241256611750098,
        "ramp_mae": 51.57103260220032
      }
    },
    "test": {
      "Winter": {
        "rmse": 356.15048676509736,
        "mae": 124.64412332522859,
        "mbe": -44.429352472230924,
        "nrmse": 0.02638151753815536,
        "nmae": 0.009232898024091007,
        "nmbe": -0.26077781207569856,
        "r2": 0.3358202216797346,
        "mape_daytime": 4.184120974311901,
        "skill_mae": 0.047855894742036775,
        "skill_rmse": 0.1902082489351763,
        "ramp_mae": 41.099341583897065
      },
      "Spring": {
        "rmse": 553.7796451478939,
        "mae": 235.47078814608327,
        "mbe": -16.251434828575753,
        "nrmse": 0.04102071445539955,
        "nmae": 0.017442280603413574,
        "nmbe": -0.03420889695356955,
        "r2": 0.4655864022206071,
        "mape_daytime": 4.109703127666652,
        "skill_mae": 0.04950878569738337,
        "skill_rmse": 0.12378727404442658,
        "ramp_mae": 83.71016627179783
      },
      "Summer": {
        "rmse": 284.25841804842133,
        "mae": 184.35136645304104,
        "mbe": 27.47159720106083,
        "nrmse": 0.021056179114697877,
        "nmae": 0.013655656774299337,
        "nmbe": 0.05140107159838114,
        "r2": 0.7782626824346843,
        "mape_daytime": 2.059986551255665,
        "skill_mae": 0.0970755615561697,
        "skill_rmse": 0.2147732444111068,
        "ramp_mae": 102.30679053534469
      }
    }
  }
}