{
  "model": "random_forest_base",
  "feature_set": "BASE",
  "features": [
    "ghi_cloudy_sky",
    "clear_sky_index",
    "temperature_2m",
    "cloud_cover_low"
  ],
  "params": {
    "n_estimators": 300,
    "max_features": "sqrt",
    "min_samples_leaf": 4,
    "n_jobs": -1,
    "random_state": 42
  },
  "splits": {
    "train": {
      "rmse": 346.4416604420383,
      "mae": 160.40835332779417,
      "mbe": 0.9046283623016355,
      "nrmse": 0.025662345217928765,
      "nmae": 0.011882100246503272,
      "nmbe": 0.0024929221366638142,
      "r2": 0.7193568887532177,
      "mape_daytime": 4.27886549969966,
      "skill_mae": 0.1699728571854392,
      "skill_rmse": 0.2453776397951517,
      "ramp_mae": 76.02578999131454
    },
    "val": {
      "rmse": 489.1273100475277,
      "mae": 238.97185886808944,
      "mbe": 4.020264193866157,
      "nrmse": 0.03623165259611316,
      "nmae": 0.017701619175414032,
      "nmbe": 0.010767071981392746,
      "r2": 0.4342305985127862,
      "mape_daytime": 6.669067499047022,
      "skill_mae": -0.2953308329189679,
      "skill_rmse": -0.12895677781959836,
      "ramp_mae": 97.34839808620035
    }
  },
  "by_season": {
    "train": {
      "Winter": {
        "rmse": 177.8189551349648,
        "mae": 55.122779250030284,
        "mbe": -0.6965826065942035,
        "nrmse": 0.013171774454441837,
        "nmae": 0.004083168833335577,
        "nmbe": -0.005548224448101827,
        "r2": 0.7732716737311878,
        "mape_daytime": 1.9779514969562506,
        "skill_mae": 0.4817411937500843,
        "skill_rmse": 0.44356635158393987,
        "ramp_mae": 31.88386568655137
      },
      "Spring": {
        "rmse": 427.1566022687231,
        "mae": 195.93271712499617,
        "mbe": -12.484984739319309,
        "nrmse": 0.03164122979768319,
        "nmae": 0.014513534601851568,
        "nmbe": -0.027215590663140696,
        "r2": 0.6815115333017692,
        "mape_daytime": 4.249291367176612,
        "skill_mae": 0.2093478707743912,
        "skill_rmse": 0.2442827861562511,
        "ramp_mae": 88.74715699778228
      },
      "Summer": {
        "rmse": 398.8943113003186,
        "mae": 247.43184158288693,
        "mbe": 19.90167686115109,
        "nrmse": 0.029547726762986563,
        "nmae": 0.01832828456169533,
        "nmbe": 0.035461426696532454,
        "r2": 0.699756941297142,
        "mape_daytime": 5.433779832589814,
        "skill_mae": -0.11222048022689446,
        "skill_rmse": 0.13522472218340997,
        "ramp_mae": 114.09148716569459
      },
      "Autumn": {
        "rmse": 285.0556170783611,
        "mae": 129.2398369867056,
        "mbe": 2.380036414399096,
        "nrmse": 0.021115230894693412,
        "nmae": 0.00957332125827449,
        "nmbe": 0.008936689112058494,
        "r2": 0.7183084740079178,
        "mape_daytime": 4.4246989536705295,
        "skill_mae": 0.26356063215998926,
        "skill_rmse": 0.29732856903378313,
        "ramp_mae": 64.55210456155896
      }
    },
    "val": {
      "Winter": {
        "rmse": 105.17246149597247,
        "mae": 37.946258476550874,
        "mbe": -0.11913600894748246,
        "nrmse": 0.007790552703405368,
        "nmae": 0.0028108339612259907,
        "nmbe": -0.0019614241217980697,
        "r2": 0.6858830889566532,
        "mape_daytime": 3.0071605829561148,
        "skill_mae": 0.6142800722581578,
        "skill_rmse": 0.43814629534494487,
        "ramp_mae": 18.437221709528167
      },
      "Summer": {
        "rmse": 629.8082419910863,
        "mae": 357.77842031515195,
        "mbe": 13.433785905172744,
        "nrmse": 0.0466524623697101,
        "nmae": 0.026502105208529775,
        "nmbe": 0.02346405823518778,
        "r2": 0.3462811100413731,
        "mape_daytime": 7.346986677925736,
        "skill_mae": -0.6649292287320474,
        "skill_rmse": -0.21829432373694546,
        "ramp_mae": 146.45161611090194
      },
      "Autumn": {
        "rmse": 372.6615684310058,
        "mae": 167.71311123234477,
        "mbe": -3.4651332829063453,
        "nrmse": 0.027604560624518947,
        "nmae": 0.012423193424618131,
        "nmbe": -0.013852224334062368,
        "r2": 0.4654551961056098,
        "mape_daytime": 6.156245661626863,
        "skill_mae": 0.022990298577515444,
        "skill_rmse": 0.013933245541400852,
        "ramp_mae": 67.25792737310934
      }
    }
  }
}