{
  "model": "random_forest_base_with_time_and_lag",
  "feature_set": "BASE_WITH_TIME_AND_LAG",
  "features": [
    "ghi_cloudy_sky",
    "clear_sky_index",
    "temperature_2m",
    "cloud_cover_low",
    "interval_cos_shifted",
    "month_cos_shifted",
    "doy_cos_shifted",
    "Solarproduktion_lag_96"
  ],
  "params": {
    "n_estimators": 300,
    "max_features": "sqrt",
    "min_samples_leaf": 4,
    "n_jobs": -1,
    "random_state": 42
  },
  "splits": {
    "train": {
      "rmse": 210.29112915723292,
      "mae": 80.40176905089734,
      "mbe": -0.21168422689401645,
      "nrmse": 0.01557712067831355,
      "nmae": 0.005955686596362766,
      "nmbe": -0.0005827898243256625,
      "r2": 0.896691915098953,
      "mape_daytime": 0.9949178228916125,
      "skill_mae": 0.5843406982755033,
      "skill_rmse": 0.5422088011425319,
      "ramp_mae": 53.42033486646272
    },
    "val": {
      "rmse": 395.589010640693,
      "mae": 144.02846627556596,
      "mbe": -5.233552868075586,
      "nrmse": 0.02930288967708837,
      "nmae": 0.010668775279671553,
      "nmbe": -0.014014913112397519,
      "r2": 0.6299579555072053,
      "mape_daytime": 1.628831514498367,
      "skill_mae": 0.21939190822257193,
      "skill_rmse": 0.0869911075240205,
      "ramp_mae": 66.5033636109792
    },
    "test": {
      "rmse": 366.2094407772512,
      "mae": 131.84202394766805,
      "mbe": -14.817867611452328,
      "nrmse": 0.02712662524275935,
      "nmae": 0.009766075847975411,
      "nmbe": -0.04179605995407681,
      "r2": 0.6820035841536667,
      "mape_daytime": 1.7918129050473106,
      "skill_mae": 0.28848038201716264,
      "skill_rmse": 0.20616929182133237,
      "ramp_mae": 59.18006224522702
    }
  },
  "by_season": {
    "train": {
      "Winter": {
        "rmse": 132.32663919890445,
        "mae": 38.912683642360854,
        "mbe": -1.172221784463202,
        "nrmse": 0.009801973273992922,
        "nmae": 0.0028824210105452483,
        "nmbe": -0.009320144810052068,
        "r2": 0.8749594259063822,
        "mape_daytime": 1.3994271221924237,
        "skill_mae": 0.6350854551266082,
        "skill_rmse": 0.5868558851240944,
        "ramp_mae": 24.153737815007254
      },
      "Spring": {
        "rmse": 255.10330314028243,
        "mae": 100.07946773657304,
        "mbe": -4.3517962644161505,
        "nrmse": 0.018896540973354255,
        "nmae": 0.007413293906412818,
        "nmbe": -0.009484899094122692,
        "r2": 0.8864178372085081,
        "mape_daytime": 0.9089154431093068,
        "skill_mae": 0.5962078403650706,
        "skill_rmse": 0.5487102401253473,
        "ramp_mae": 62.75190051491935
      },
      "Summer": {
        "rmse": 238.29988648132903,
        "mae": 110.09389708011025,
        "mbe": 6.054196933850012,
        "nrmse": 0.01765184344306141,
        "nmae": 0.008155103487415574,
        "nmbe": 0.01078755635889047,
        "r2": 0.8928468454396147,
        "mape_daytime": 0.8012258203966296,
        "skill_mae": 0.5051215466160139,
        "skill_rmse": 0.4833823278557531,
        "ramp_mae": 80.09050949525118
      },
      "Autumn": {
        "rmse": 168.93267071320997,
        "mae": 64.27636846554975,
        "mbe": 0.3307488814258306,
        "nrmse": 0.01251353116394148,
        "nmae": 0.004761212478929611,
        "nmbe": 0.0012419137411433334,
        "r2": 0.901066842058233,
        "mape_daytime": 1.1366969426868447,
        "skill_mae": 0.6337379459501307,
        "skill_rmse": 0.5835754345638293,
        "ramp_mae": 42.74047763845659
      }
    },
    "val": {
      "Winter": {
        "rmse": 84.32428444558249,
        "mae": 28.770342181305157,
        "mbe": 3.056930787528491,
        "nrmse": 0.00624624329226537,
        "nmae": 0.0021311364578744563,
        "nmbe": 0.050254660117725704,
        "r2": 0.7983390968234005,
        "mape_daytime": 3.007059418324305,
        "skill_mae": 0.7079814684904877,
        "skill_rmse": 0.5498523268269833,
        "ramp_mae": 12.515690441302281
      },
      "Summer": {
        "rmse": 493.15725107723426,
        "mae": 203.6206098984024,
        "mbe": -3.50845361239648,
        "nrmse": 0.0365301667464618,
        "nmae": 0.0150830081406224,
        "nmbe": -0.006128023809358703,
        "r2": 0.5991838599947593,
        "mape_daytime": 1.3429226674192332,
        "skill_mae": 0.05244730888611693,
        "skill_rmse": 0.04604189078615872,
        "ramp_mae": 105.67766671741059
      },
      "Autumn": {
        "rmse": 323.82312945723874,
        "mae": 110.51015024012246,
        "mbe": -8.015254703999533,
        "nrmse": 0.02398689847831398,
        "nmae": 0.008185937054823886,
        "nmbe": -0.03204179960469678,
        "r2": 0.5963819048593594,
        "mape_daytime": 1.862070326443524,
        "skill_mae": 0.35622511503779675,
        "skill_rmse": 0.14316031130630746,
        "ramp_mae": 41.086776808253866
      }
    },
    "test": {
      "Winter": {
        "rmse": 305.6094117742762,
        "mae": 88.92347181037812,
        "mbe": -22.431440281710124,
        "nrmse": 0.02263773420550194,
        "nmae": 0.006586923837805786,
        "nmbe": -0.13166120127515177,
        "r2": 0.5109514063771008,
        "mape_daytime": 2.32129236811424,
        "skill_mae": 0.28658111238542794,
        "skill_rmse": 0.14190932448214233,
        "ramp_mae": 37.53119134972992
      },
      "Spring": {
        "rmse": 417.7351606805729,
        "mae": 159.1433213920035,
        "mbe": -23.519142931283962,
        "nrmse": 0.030943345235597993,
        "nmae": 0.011788394177185444,
        "nmbe": -0.04950725554139132,
        "r2": 0.6959075867539779,
        "mape_daytime": 1.3595590848337045,
        "skill_mae": 0.32414834704136264,
        "skill_rmse": 0.24566537549603973,
        "ramp_mae": 71.16830395490084
      },
      "Summer": {
        "rmse": 308.0350162363361,
        "mae": 178.3187734064836,
        "mbe": 71.27201128846961,
        "nrmse": 0.022817408610098972,
        "nmae": 0.013208798030109895,
        "nmbe": 0.1333543779193803,
        "r2": 0.7396171979057342,
        "mape_daytime": 2.6072783996085853,
        "skill_mae": 0.03272334326902915,
        "skill_rmse": -0.08364430630112274,
        "ramp_mae": 92.9632354478296
      }
    }
  }
}