{
  "model": "random_forest_base",
  "feature_set": "BASE",
  "features": [
    "ghi_cloudy_sky",
    "clear_sky_index",
    "temperature_2m",
    "cloud_cover_low"
  ],
  "params": {
    "n_estimators": 300,
    "max_features": "sqrt",
    "min_samples_leaf": 4,
    "n_jobs": -1,
    "random_state": 42
  },
  "splits": {
    "train": {
      "rmse": 346.5440350537632,
      "mae": 160.5538247313127,
      "mbe": 1.010881662291996,
      "nrmse": 0.025669928522500978,
      "nmae": 0.011892875906023162,
      "nmbe": 0.0027855934590191337,
      "r2": 0.7192004437178297,
      "mape_daytime": 4.282186208481865,
      "skill_mae": 0.16926048022931883,
      "skill_rmse": 0.2451729819971813,
      "ramp_mae": 75.89603203939784
    },
    "val": {
      "rmse": 489.038339345674,
      "mae": 239.3219282192785,
      "mbe": 4.492472183476495,
      "nrmse": 0.03622506217375363,
      "nmae": 0.017727550238465076,
      "nmbe": 0.01203037571194676,
      "r2": 0.4344793721394702,
      "mape_daytime": 6.701869958147995,
      "skill_mae": -0.2970813238427057,
      "skill_rmse": -0.12868745231608902,
      "ramp_mae": 96.9825245458686
    },
    "test": {
      "rmse": 475.95306411882405,
      "mae": 206.80035524331686,
      "mbe": -17.293729046436997,
      "nrmse": 0.0352557825273203,
      "nmae": 0.015318544832838286,
      "nmbe": -0.0487796054741237,
      "r2": 0.4628551613166063,
      "mape_daytime": 4.999769256112276,
      "skill_mae": -0.11605166058316141,
      "skill_rmse": -0.031721512005114194,
      "ramp_mae": 84.74381260484364
    }
  },
  "by_season": {
    "train": {
      "Winter": {
        "rmse": 177.3569997587587,
        "mae": 55.256974486623825,
        "mbe": -0.6295637766089037,
        "nrmse": 0.013137555537685829,
        "nmae": 0.0040931092212313945,
        "nmbe": -0.005014424856369796,
        "r2": 0.7744481773206671,
        "mape_daytime": 1.9708322387918331,
        "skill_mae": 0.480479503681702,
        "skill_rmse": 0.44501190903417165,
        "ramp_mae": 31.856786354795688
      },
      "Spring": {
        "rmse": 427.2233384974079,
        "mae": 196.09181629835325,
        "mbe": -12.207401727031538,
        "nrmse": 0.03164617322203021,
        "nmae": 0.014525319725803945,
        "nmbe": -0.026606478462485515,
        "r2": 0.6814424452753258,
        "mape_daytime": 4.257850055585551,
        "skill_mae": 0.20882534868925706,
        "skill_rmse": 0.24422178987890153,
        "ramp_mae": 88.71518486898758
      },
      "Summer": {
        "rmse": 399.10766107034584,
        "mae": 247.66694176186564,
        "mbe": 20.083850227856797,
        "nrmse": 0.029563530449655248,
        "nmae": 0.018345699389767826,
        "nmbe": 0.035786028866217234,
        "r2": 0.6994356836798237,
        "mape_daytime": 5.4190122137176795,
        "skill_mae": -0.11327726916841607,
        "skill_rmse": 0.13476219463809103,
        "ramp_mae": 113.75747034287424
      },
      "Autumn": {
        "rmse": 285.5112485372383,
        "mae": 129.28811217197975,
        "mbe": 2.18480776991323,
        "nrmse": 0.021148981373128765,
        "nmae": 0.009576897197924426,
        "nmbe": 0.008203634066772865,
        "r2": 0.7174072456983527,
        "mape_daytime": 4.456208752041635,
        "skill_mae": 0.2632855486582256,
        "skill_rmse": 0.2962054225668448,
        "ramp_mae": 64.3846041185557
      }
    },
    "val": {
      "Winter": {
        "rmse": 105.87310068473704,
        "mae": 38.284452164683536,
        "mbe": -0.03839474175715392,
        "nrmse": 0.007842451902573114,
        "nmae": 0.0028358853455321136,
        "nmbe": -0.0006311934523298845,
        "r2": 0.6821021113424803,
        "mape_daytime": 3.009517608840073,
        "skill_mae": 0.6114133982027639,
        "skill_rmse": 0.4348184483486168,
        "ramp_mae": 18.947596617727157
      },
      "Summer": {
        "rmse": 630.0459610179792,
        "mae": 358.73725130685733,
        "mbe": 14.552910029295862,
        "nrmse": 0.046670071186516976,
        "nmae": 0.026573129726433876,
        "nmbe": 0.02541877106195072,
        "r2": 0.34578752886572717,
        "mape_daytime": 7.387017625032989,
        "skill_mae": -0.6693911684490887,
        "skill_rmse": -0.21875416487873833,
        "ramp_mae": 145.434911509753
      },
      "Autumn": {
        "rmse": 371.97703318754714,
        "mae": 167.49317099531265,
        "mbe": -3.4916800714811425,
        "nrmse": 0.027553854310188676,
        "nmae": 0.012406901555208344,
        "nmbe": -0.013958347833698313,
        "r2": 0.4674171836963231,
        "mape_daytime": 6.1827022284863595,
        "skill_mae": 0.024271556457323262,
        "skill_rmse": 0.015744533592035315,
        "ramp_mae": 67.29947142475578
      }
    },
    "test": {
      "Winter": {
        "rmse": 327.920080899711,
        "mae": 103.60334034817136,
        "mbe": -30.548329928523383,
        "nrmse": 0.024290376362941558,
        "nmae": 0.007674321507271952,
        "nmbe": -0.17930323531737255,
        "r2": 0.4369401123935309,
        "mape_daytime": 2.7542928281309287,
        "skill_mae": 0.16880685920632144,
        "skill_rmse": 0.07926538616246781,
        "ramp_mae": 47.74852189237248
      },
      "Spring": {
        "rmse": 573.2161372982628,
        "mae": 270.60279593810986,
        "mbe": -25.76895640339045,
        "nrmse": 0.04246045461468613,
        "nmae": 0.020044651550971102,
        "nmbe": -0.054243061212944345,
        "r2": 0.42741450896902544,
        "mape_daytime": 5.342847947205901,
        "skill_mae": -0.14919900709820166,
        "skill_rmse": -0.03509788111691625,
        "ramp_mae": 104.97338274178948
      },
      "Summer": {
        "rmse": 451.6277254738495,
        "mae": 329.1461397277776,
        "mbe": 94.22941348474262,
        "nrmse": 0.033453905590655524,
        "nmae": 0.024381195535390934,
        "nmbe": 0.17630910914111986,
        "r2": 0.4402767969194712,
        "mape_daytime": 8.799682382380604,
        "skill_mae": -0.7854282615888257,
        "skill_rmse": -0.5887927913428339,
        "ramp_mae": 143.9300948795602
      }
    }
  }
}