{
  "model": "random_forest_base_with_time_and_lag",
  "feature_set": "BASE_WITH_TIME_AND_LAG",
  "features": [
    "ghi_cloudy_sky",
    "clear_sky_index",
    "temperature_2m",
    "cloud_cover_low",
    "interval_cos_shifted",
    "month_cos_shifted",
    "doy_cos_shifted",
    "Solarproduktion_lag_96"
  ],
  "params": {
    "n_estimators": 300,
    "max_features": "sqrt",
    "min_samples_leaf": 4,
    "n_jobs": -1,
    "random_state": 42
  },
  "splits": {
    "train": {
      "rmse": 211.88151049204308,
      "mae": 80.62223763794528,
      "mbe": -0.22539944954508553,
      "nrmse": 0.0156949267031143,
      "nmae": 0.005972017602810761,
      "nmbe": -0.0006205795151392366,
      "r2": 0.8951198889233618,
      "mape_daytime": 0.9897694160494824,
      "skill_mae": 0.583180651789579,
      "skill_rmse": 0.5387354187991737,
      "ramp_mae": 53.430636741556356
    },
    "val": {
      "rmse": 393.4268994821738,
      "mae": 143.69305001081523,
      "mbe": -5.066864030890231,
      "nrmse": 0.029142733294975836,
      "nmae": 0.010643929630430758,
      "nmbe": -0.013570075773567723,
      "r2": 0.6339640576464592,
      "mape_daytime": 1.6381740754445262,
      "skill_mae": 0.22112152017899944,
      "skill_rmse": 0.0919297376713818,
      "ramp_mae": 66.31947335363267
    }
  },
  "by_season": {
    "train": {
      "Winter": {
        "rmse": 133.8679946845846,
        "mae": 39.15031457201931,
        "mbe": -1.289204484169501,
        "nrmse": 0.009916147754413674,
        "nmae": 0.0029000233016310602,
        "nmbe": -0.010250255234533578,
        "r2": 0.8720294874181223,
        "mape_daytime": 1.399483174128835,
        "skill_mae": 0.632857004800716,
        "skill_rmse": 0.5820435362902118,
        "ramp_mae": 24.113199619765997
      },
      "Spring": {
        "rmse": 258.3401384219025,
        "mae": 100.57284471385584,
        "mbe": -4.321549942218874,
        "nrmse": 0.019136306549770558,
        "nmae": 0.007449840349174507,
        "nmbe": -0.009420398720019627,
        "r2": 0.883506085427874,
        "mape_daytime": 0.89638820985828,
        "skill_mae": 0.594155917489994,
        "skill_rmse": 0.5429496147424906,
        "ramp_mae": 62.765610056868546
      },
      "Summer": {
        "rmse": 237.99384279212094,
        "mae": 109.91386267562406,
        "mbe": 5.924293243171633,
        "nrmse": 0.017629173540157108,
        "nmae": 0.008141767605601782,
        "nmbe": 0.010556089923336358,
        "r2": 0.8931218979306073,
        "mape_daytime": 0.7934730518654948,
        "skill_mae": 0.5059308117070953,
        "skill_rmse": 0.4840458094067839,
        "ramp_mae": 80.1320256366996
      },
      "Autumn": {
        "rmse": 169.9366405096602,
        "mae": 64.49398912717076,
        "mbe": 0.4916127214897507,
        "nrmse": 0.012587899297011868,
        "nmae": 0.004777332527938575,
        "nmbe": 0.0018459339650885676,
        "r2": 0.8998874248406852,
        "mape_daytime": 1.1459959673688398,
        "skill_mae": 0.6324978915968464,
        "skill_rmse": 0.5811006161380461,
        "ramp_mae": 42.76587006505085
      }
    },
    "val": {
      "Winter": {
        "rmse": 85.70902811015915,
        "mae": 29.22417258004795,
        "mbe": 2.4936609073991223,
        "nrmse": 0.006348816897048826,
        "nmae": 0.002164753524447996,
        "nmbe": 0.0410549816010171,
        "r2": 0.791387473825702,
        "mape_daytime": 2.982171173749824,
        "skill_mae": 0.702939204326112,
        "skill_rmse": 0.5421241047218307,
        "ramp_mae": 12.498511769672845
      },
      "Summer": {
        "rmse": 489.545154048933,
        "mae": 203.08292262065743,
        "mbe": -3.7092590749096854,
        "nrmse": 0.03626260400362467,
        "nmae": 0.015043179453382032,
        "nmbe": -0.006478759715052972,
        "r2": 0.6050338588610825,
        "mape_daytime": 1.3349289445439143,
        "skill_mae": 0.05494944767874288,
        "skill_rmse": 0.05302909262469668,
        "ramp_mae": 105.3275507275523
      },
      "Autumn": {
        "rmse": 323.232600746443,
        "mae": 110.25269987623038,
        "mbe": -7.4191399567965535,
        "nrmse": 0.02394315561084763,
        "nmae": 0.008166866657498547,
        "nmbe": -0.029658769997197052,
        "r2": 0.5978526506100872,
        "mape_daytime": 1.8975785010099897,
        "skill_mae": 0.3577248874843817,
        "skill_rmse": 0.1447228570008383,
        "ramp_mae": 41.032787194812485
      }
    }
  }
}