{
  "model": "random_forest_base",
  "feature_set": "BASE",
  "features": [
    "ghi_cloudy_sky",
    "clear_sky_index",
    "temperature_2m",
    "cloud_cover_low"
  ],
  "params": {
    "n_estimators": 300,
    "max_features": "sqrt",
    "min_samples_leaf": 4,
    "n_jobs": -1,
    "random_state": 42
  },
  "splits": {
    "train": {
      "rmse": 346.5440350537632,
      "mae": 160.5538247313127,
      "mbe": 1.0108816622919947,
      "nrmse": 0.025669928522500978,
      "nmae": 0.011892875906023162,
      "nmbe": 0.0027855934590191303,
      "r2": 0.7192004437178297,
      "mape_daytime": 4.282186208481865,
      "skill_mae": 0.16926048022931883,
      "skill_rmse": 0.2451729819971813,
      "ramp_mae": 75.89603203939784
    },
    "val": {
      "rmse": 489.038339345674,
      "mae": 239.32192821927856,
      "mbe": 4.492472183476491,
      "nrmse": 0.03622506217375363,
      "nmae": 0.01772755023846508,
      "nmbe": 0.01203037571194675,
      "r2": 0.4344793721394702,
      "mape_daytime": 6.701869958147995,
      "skill_mae": -0.29708132384270614,
      "skill_rmse": -0.12868745231608902,
      "ramp_mae": 96.9825245458686
    }
  },
  "by_season": {
    "train": {
      "Winter": {
        "rmse": 177.3569997587587,
        "mae": 55.256974486623825,
        "mbe": -0.6295637766089041,
        "nrmse": 0.013137555537685829,
        "nmae": 0.0040931092212313945,
        "nmbe": -0.005014424856369799,
        "r2": 0.7744481773206671,
        "mape_daytime": 1.9708322387918331,
        "skill_mae": 0.480479503681702,
        "skill_rmse": 0.44501190903417165,
        "ramp_mae": 31.856786354795695
      },
      "Spring": {
        "rmse": 427.2233384974079,
        "mae": 196.09181629835325,
        "mbe": -12.207401727031538,
        "nrmse": 0.03164617322203021,
        "nmae": 0.014525319725803945,
        "nmbe": -0.026606478462485515,
        "r2": 0.6814424452753258,
        "mape_daytime": 4.257850055585552,
        "skill_mae": 0.20882534868925706,
        "skill_rmse": 0.24422178987890153,
        "ramp_mae": 88.71518486898759
      },
      "Summer": {
        "rmse": 399.10766107034584,
        "mae": 247.6669417618657,
        "mbe": 20.083850227856797,
        "nrmse": 0.029563530449655248,
        "nmae": 0.01834569938976783,
        "nmbe": 0.035786028866217234,
        "r2": 0.6994356836798237,
        "mape_daytime": 5.4190122137176795,
        "skill_mae": -0.1132772691684163,
        "skill_rmse": 0.13476219463809103,
        "ramp_mae": 113.75747034287424
      },
      "Autumn": {
        "rmse": 285.5112485372383,
        "mae": 129.28811217197975,
        "mbe": 2.1848077699132316,
        "nrmse": 0.021148981373128765,
        "nmae": 0.009576897197924426,
        "nmbe": 0.00820363406677287,
        "r2": 0.7174072456983527,
        "mape_daytime": 4.456208752041636,
        "skill_mae": 0.2632855486582256,
        "skill_rmse": 0.2962054225668448,
        "ramp_mae": 64.3846041185557
      }
    },
    "val": {
      "Winter": {
        "rmse": 105.87310068473704,
        "mae": 38.284452164683536,
        "mbe": -0.038394741757151914,
        "nrmse": 0.007842451902573114,
        "nmae": 0.0028358853455321136,
        "nmbe": -0.0006311934523298516,
        "r2": 0.6821021113424803,
        "mape_daytime": 3.009517608840073,
        "skill_mae": 0.6114133982027639,
        "skill_rmse": 0.4348184483486168,
        "ramp_mae": 18.947596617727157
      },
      "Summer": {
        "rmse": 630.0459610179792,
        "mae": 358.73725130685733,
        "mbe": 14.552910029295852,
        "nrmse": 0.046670071186516976,
        "nmae": 0.026573129726433876,
        "nmbe": 0.0254187710619507,
        "r2": 0.34578752886572717,
        "mape_daytime": 7.387017625032989,
        "skill_mae": -0.6693911684490887,
        "skill_rmse": -0.21875416487873833,
        "ramp_mae": 145.434911509753
      },
      "Autumn": {
        "rmse": 371.97703318754714,
        "mae": 167.49317099531265,
        "mbe": -3.4916800714811442,
        "nrmse": 0.027553854310188676,
        "nmae": 0.012406901555208344,
        "nmbe": -0.01395834783369832,
        "r2": 0.4674171836963231,
        "mape_daytime": 6.1827022284863595,
        "skill_mae": 0.024271556457323262,
        "skill_rmse": 0.015744533592035315,
        "ramp_mae": 67.29947142475578
      }
    }
  }
}