{
  "model": "random_forest_base_with_time",
  "feature_set": "BASE_WITH_TIME",
  "features": [
    "ghi_cloudy_sky",
    "clear_sky_index",
    "temperature_2m",
    "cloud_cover_low",
    "interval_cos_shifted",
    "month_cos_shifted",
    "doy_cos_shifted"
  ],
  "params": {
    "n_estimators": 300,
    "max_features": "sqrt",
    "min_samples_leaf": 4,
    "n_jobs": -1,
    "random_state": 42
  },
  "splits": {
    "train": {
      "rmse": 203.28975301441793,
      "mae": 80.53463604611524,
      "mbe": -0.31736898373714395,
      "nrmse": 0.015058500223290217,
      "nmae": 0.005965528596008536,
      "nmbe": -0.0008745869552838735,
      "r2": 0.9033670717860763,
      "mape_daytime": 0.9684302567553994,
      "skill_mae": 0.5832764786359472,
      "skill_rmse": 0.5571924201337022,
      "ramp_mae": 53.54262718182114
    },
    "val": {
      "rmse": 395.7934060236434,
      "mae": 145.1892499408432,
      "mbe": -2.243199166249804,
      "nrmse": 0.029318030075825438,
      "nmae": 0.010754759254877275,
      "nmbe": -0.006007736239937251,
      "r2": 0.6295473201160873,
      "mape_daytime": 1.606442474228565,
      "skill_mae": 0.21301146943596927,
      "skill_rmse": 0.08646759408449645,
      "ramp_mae": 65.17453783587041
    }
  },
  "by_season": {
    "train": {
      "Winter": {
        "rmse": 124.65648809167362,
        "mae": 38.27084841600993,
        "mbe": -1.1305973507335767,
        "nrmse": 0.009233813932716564,
        "nmae": 0.0028348776604451803,
        "nmbe": -0.009005116985290206,
        "r2": 0.8885758194051111,
        "mape_daytime": 1.3428626593427844,
        "skill_mae": 0.6401813463670396,
        "skill_rmse": 0.6099231130059422,
        "ramp_mae": 24.12812609318147
      },
      "Spring": {
        "rmse": 244.10764024467505,
        "mae": 100.097211695535,
        "mbe": -3.785897981029148,
        "nrmse": 0.018082047425531485,
        "nmae": 0.007414608273743333,
        "nmbe": -0.008252749354158815,
        "r2": 0.8959882967463925,
        "mape_daytime": 0.8808618362953349,
        "skill_mae": 0.5960752511479122,
        "skill_rmse": 0.5681294757382107,
        "ramp_mae": 62.66766041315462
      },
      "Summer": {
        "rmse": 233.78076353297726,
        "mae": 110.69154253422641,
        "mbe": 4.917895845907364,
        "nrmse": 0.017317093595035353,
        "nmae": 0.008199373521053809,
        "nmbe": 0.008762859745816346,
        "r2": 0.8968724178854275,
        "mape_daytime": 0.761284076416308,
        "skill_mae": 0.50243509563327,
        "skill_rmse": 0.4931794738476545,
        "ramp_mae": 80.92564410791235
      },
      "Autumn": {
        "rmse": 166.91820203068582,
        "mae": 65.1645573102034,
        "mbe": 0.16715072050472052,
        "nrmse": 0.012364311261532283,
        "nmae": 0.004827004245200253,
        "nmbe": 0.0006276265417495353,
        "r2": 0.9034122672052405,
        "mape_daytime": 1.1593442612148837,
        "skill_mae": 0.628676834403336,
        "skill_rmse": 0.5885411658351298,
        "ramp_mae": 42.726162598460135
      }
    },
    "val": {
      "Winter": {
        "rmse": 81.27598194522682,
        "mae": 26.05910117118525,
        "mbe": -1.7597516382817222,
        "nrmse": 0.006020443107053838,
        "nmae": 0.0019303037904581668,
        "nmbe": -0.028972091160288777,
        "r2": 0.8124091325968954,
        "mape_daytime": 2.0104156823722925,
        "skill_mae": 0.7351118391032327,
        "skill_rmse": 0.5658063821473667,
        "ramp_mae": 12.614442800062132
      },
      "Summer": {
        "rmse": 491.5055303104903,
        "mae": 206.63534910808673,
        "mbe": 0.6990949171022494,
        "nrmse": 0.03640781706003632,
        "nmae": 0.015306322156154573,
        "nmbe": 0.0012210708107604025,
        "r2": 0.6018642531908347,
        "mape_daytime": 1.2761389241347962,
        "skill_mae": 0.03841815804245596,
        "skill_rmse": 0.04923696176230363,
        "ramp_mae": 103.79449927162791
      },
      "Autumn": {
        "rmse": 326.65874410656903,
        "mae": 110.70002471843297,
        "mbe": -4.8601279819085805,
        "nrmse": 0.024196944007894003,
        "nmae": 0.008200001830995035,
        "nmbe": -0.019428858171130575,
        "r2": 0.5892822488378674,
        "mape_daytime": 1.9971742829065926,
        "skill_mae": 0.35511900469258406,
        "skill_rmse": 0.13565724264824153,
        "ramp_mae": 40.02619792168836
      }
    }
  }
}