{
  "model": "random_forest_base_with_time",
  "feature_set": "BASE_WITH_TIME",
  "features": [
    "ghi_cloudy_sky",
    "clear_sky_index",
    "temperature_2m",
    "cloud_cover_low",
    "interval_cos_shifted",
    "month_cos_shifted",
    "doy_cos_shifted"
  ],
  "params": {
    "n_estimators": 300,
    "max_features": "sqrt",
    "min_samples_leaf": 4,
    "n_jobs": -1,
    "random_state": 42
  },
  "splits": {
    "train": {
      "rmse": 202.63096562745548,
      "mae": 80.44435479437888,
      "mbe": -0.4133476262730871,
      "nrmse": 0.015009701157589294,
      "nmae": 0.005958841095879917,
      "nmbe": -0.001139023969864839,
      "r2": 0.9039955885575063,
      "mape_daytime": 0.9736081374831255,
      "skill_mae": 0.5837638574977458,
      "skill_rmse": 0.5586381179065025,
      "ramp_mae": 53.469984742316875
    },
    "val": {
      "rmse": 395.87064506087177,
      "mae": 145.67187398437113,
      "mbe": -1.451555709345096,
      "nrmse": 0.0293237514859905,
      "nmae": 0.010790509184027491,
      "nmbe": -0.0038871160103053446,
      "r2": 0.629430874766071,
      "mape_daytime": 1.608636416412754,
      "skill_mae": 0.21048493733857832,
      "skill_rmse": 0.08634110278896967,
      "ramp_mae": 65.17601854127322
    },
    "test": {
      "rmse": 363.11339204729046,
      "mae": 135.84104816356324,
      "mbe": -18.952148672365354,
      "nrmse": 0.026897288299799295,
      "nmae": 0.010062299863967648,
      "nmbe": -0.05345743145636876,
      "r2": 0.6873577368236841,
      "mape_daytime": 1.7531822796640444,
      "skill_mae": 0.26689861243262347,
      "skill_rmse": 0.21288058400059462,
      "ramp_mae": 58.2172990988464
    }
  },
  "by_season": {
    "train": {
      "Winter": {
        "rmse": 124.75032026196996,
        "mae": 38.26356833337746,
        "mbe": -1.1143352557537003,
        "nrmse": 0.009240764463849627,
        "nmae": 0.002834338395064997,
        "nmbe": -0.00887559070643888,
        "r2": 0.8884080125337867,
        "mape_daytime": 1.3443051933716332,
        "skill_mae": 0.6402497929690767,
        "skill_rmse": 0.6096294920203889,
        "ramp_mae": 24.066932723439795
      },
      "Spring": {
        "rmse": 243.07765945374496,
        "mae": 100.03328963805662,
        "mbe": -3.9672603989600823,
        "nrmse": 0.018005752552129255,
        "nmae": 0.007409873306522713,
        "nmbe": -0.008646789113711816,
        "r2": 0.8968740263206528,
        "mape_daytime": 0.8780602100553415,
        "skill_mae": 0.596394155845653,
        "skill_rmse": 0.5699841702737597,
        "ramp_mae": 62.59908293137265
      },
      "Summer": {
        "rmse": 232.6105368624258,
        "mae": 110.4774293661817,
        "mbe": 4.789407696965202,
        "nrmse": 0.017230410137957466,
        "nmae": 0.00818351328638383,
        "nmbe": 0.00853391556654571,
        "r2": 0.8979022767769851,
        "mape_daytime": 0.7717104862041857,
        "skill_mae": 0.5033975467432894,
        "skill_rmse": 0.4957164443319807,
        "ramp_mae": 80.76061620093678
      },
      "Autumn": {
        "rmse": 167.12946740433924,
        "mae": 65.08081346131516,
        "mbe": 0.11025586285387444,
        "nrmse": 0.012379960548469572,
        "nmae": 0.004820800997134457,
        "nmbe": 0.00041399466123530105,
        "r2": 0.9031676137553564,
        "mape_daytime": 1.174967350605943,
        "skill_mae": 0.629154026796747,
        "skill_rmse": 0.5880203897706545,
        "ramp_mae": 42.736818224865154
      }
    },
    "val": {
      "Winter": {
        "rmse": 81.73406134062036,
        "mae": 26.201291892647003,
        "mbe": -1.8506916326996201,
        "nrmse": 0.006054374914120027,
        "nmae": 0.0019408364364923705,
        "nmbe": -0.030424594290285826,
        "r2": 0.8105378167153345,
        "mape_daytime": 1.99312633891472,
        "skill_mae": 0.7340572894849118,
        "skill_rmse": 0.5636796947241889,
        "ramp_mae": 13.065289912073315
      },
      "Summer": {
        "rmse": 492.63951618948596,
        "mae": 207.5580282312134,
        "mbe": 2.84256681497333,
        "nrmse": 0.036491816014036,
        "nmae": 0.015374668757867659,
        "nmbe": 0.004964955802836192,
        "r2": 0.6000250017178805,
        "mape_daytime": 1.2660498456980258,
        "skill_mae": 0.03412445178850898,
        "skill_rmse": 0.04704339161274407,
        "ramp_mae": 103.69273938813002
      },
      "Autumn": {
        "rmse": 325.29902507855877,
        "mae": 110.82830052743032,
        "mbe": -5.098559438376842,
        "nrmse": 0.02409622407989324,
        "nmae": 0.008209503742772616,
        "nmbe": -0.020382012279109185,
        "r2": 0.5926943628762562,
        "mape_daytime": 2.0174201468911472,
        "skill_mae": 0.3543717362832908,
        "skill_rmse": 0.13925507468273501,
        "ramp_mae": 40.034749644678286
      }
    },
    "test": {
      "Winter": {
        "rmse": 307.2659543915352,
        "mae": 91.51934364517763,
        "mbe": -27.279178699469856,
        "nrmse": 0.022760441066039645,
        "nmae": 0.006779210640383528,
        "nmbe": -0.16011497221158005,
        "r2": 0.5056353039087413,
        "mape_daytime": 2.4031130919277666,
        "skill_mae": 0.26575484504487945,
        "skill_rmse": 0.13725808103641435,
        "ramp_mae": 36.88285693315343
      },
      "Spring": {
        "rmse": 411.3066481855459,
        "mae": 164.4364839910609,
        "mbe": -27.365456156359716,
        "nrmse": 0.030467159124855252,
        "nmae": 0.012180480295634141,
        "nmbe": -0.057603656514947664,
        "r2": 0.7051949075666164,
        "mape_daytime": 1.29569325239084,
        "skill_mae": 0.3016692843910368,
        "skill_rmse": 0.25727380594550164,
        "ramp_mae": 69.68959400562775
      },
      "Summer": {
        "rmse": 307.8453855928786,
        "mae": 181.5293162001386,
        "mbe": 68.86369119481947,
        "nrmse": 0.022803361895768783,
        "nmae": 0.013446616014825082,
        "nmbe": 0.1288482608319926,
        "r2": 0.7399376897800752,
        "mape_daytime": 2.3980920571316546,
        "skill_mae": 0.015307997478940849,
        "skill_rmse": -0.0829771997831894,
        "ramp_mae": 93.47556112444676
      }
    }
  }
}