{
  "model": "random_forest_B_mit_zeit",
  "features": [
    "ghi_cloudy_sky",
    "clear_sky_index",
    "hour_sin",
    "hour_cos",
    "day_sin",
    "day_cos",
    "temperature_2m",
    "cloud_cover_low"
  ],
  "params": {
    "n_estimators": 300,
    "max_features": "sqrt",
    "min_samples_leaf": 4,
    "n_jobs": -1,
    "random_state": 42
  },
  "val": {
    "rmse": 393.6384035694533,
    "mae": 146.84041786673836,
    "mbe": 0.7529475661854886,
    "nrmse": 0.02915840026440395,
    "nmae": 0.010877067990128768,
    "nmbe": 0.0020165442499283505,
    "r2": 0.6335703941335281,
    "mape_daytime": 1.8916701445883388,
    "skill_mae": 0.30763997116361186,
    "skill_rmse": 0.31953848923758976,
    "ramp_mae": 69.7125262958052
  },
  "test": {
    "rmse": 376.047821170031,
    "mae": 140.22743661396999,
    "mbe": -21.03706799454686,
    "nrmse": 0.027855394160743036,
    "nmae": 0.01038721752696074,
    "nmbe": -0.059331538455923385,
    "r2": 0.6647145196370735,
    "mape_daytime": 1.7813509527262845,
    "skill_mae": 0.32491147401369924,
    "skill_rmse": 0.3652858063609701,
    "ramp_mae": 61.29439614115287
  }
}