{
  "model": "random_forest_base_with_time",
  "feature_set": "BASE_WITH_TIME",
  "features": [
    "ghi_cloudy_sky",
    "clear_sky_index",
    "temperature_2m",
    "cloud_cover_low",
    "interval_cos_shifted",
    "month_cos_shifted",
    "doy_cos_shifted"
  ],
  "params": {
    "n_estimators": 300,
    "max_features": "sqrt",
    "min_samples_leaf": 4,
    "n_jobs": -1,
    "random_state": 42
  },
  "splits": {
    "train": {
      "rmse": 202.63096562745548,
      "mae": 80.44435479437887,
      "mbe": -0.413347626273086,
      "nrmse": 0.015009701157589294,
      "nmae": 0.005958841095879916,
      "nmbe": -0.001139023969864836,
      "r2": 0.9039955885575063,
      "mape_daytime": 0.9736081374831255,
      "skill_mae": 0.583763857497746,
      "skill_rmse": 0.5586381179065025,
      "ramp_mae": 53.469984742316875
    },
    "val": {
      "rmse": 395.87064506087177,
      "mae": 145.67187398437113,
      "mbe": -1.4515557093450975,
      "nrmse": 0.0293237514859905,
      "nmae": 0.010790509184027491,
      "nmbe": -0.0038871160103053485,
      "r2": 0.629430874766071,
      "mape_daytime": 1.608636416412754,
      "skill_mae": 0.21048493733857832,
      "skill_rmse": 0.08634110278896967,
      "ramp_mae": 65.17601854127322
    }
  },
  "by_season": {
    "train": {
      "Winter": {
        "rmse": 124.75032026196995,
        "mae": 38.26356833337746,
        "mbe": -1.1143352557537014,
        "nrmse": 0.009240764463849626,
        "nmae": 0.002834338395064997,
        "nmbe": -0.00887559070643889,
        "r2": 0.8884080125337868,
        "mape_daytime": 1.3443051933716332,
        "skill_mae": 0.6402497929690767,
        "skill_rmse": 0.6096294920203889,
        "ramp_mae": 24.0669327234398
      },
      "Spring": {
        "rmse": 243.07765945374496,
        "mae": 100.03328963805663,
        "mbe": -3.967260398960083,
        "nrmse": 0.018005752552129255,
        "nmae": 0.0074098733065227134,
        "nmbe": -0.008646789113711818,
        "r2": 0.8968740263206528,
        "mape_daytime": 0.8780602100553415,
        "skill_mae": 0.5963941558456529,
        "skill_rmse": 0.5699841702737597,
        "ramp_mae": 62.599082931372635
      },
      "Summer": {
        "rmse": 232.61053686242576,
        "mae": 110.4774293661817,
        "mbe": 4.789407696965199,
        "nrmse": 0.017230410137957463,
        "nmae": 0.00818351328638383,
        "nmbe": 0.008533915566545704,
        "r2": 0.8979022767769851,
        "mape_daytime": 0.7717104862041857,
        "skill_mae": 0.5033975467432894,
        "skill_rmse": 0.4957164443319808,
        "ramp_mae": 80.7606162009368
      },
      "Autumn": {
        "rmse": 167.12946740433924,
        "mae": 65.08081346131516,
        "mbe": 0.11025586285387735,
        "nrmse": 0.012379960548469572,
        "nmae": 0.004820800997134457,
        "nmbe": 0.000413994661235312,
        "r2": 0.9031676137553564,
        "mape_daytime": 1.174967350605943,
        "skill_mae": 0.629154026796747,
        "skill_rmse": 0.5880203897706545,
        "ramp_mae": 42.73681822486516
      }
    },
    "val": {
      "Winter": {
        "rmse": 81.73406134062036,
        "mae": 26.201291892647003,
        "mbe": -1.8506916326996188,
        "nrmse": 0.006054374914120027,
        "nmae": 0.0019408364364923705,
        "nmbe": -0.0304245942902858,
        "r2": 0.8105378167153345,
        "mape_daytime": 1.99312633891472,
        "skill_mae": 0.7340572894849118,
        "skill_rmse": 0.5636796947241889,
        "ramp_mae": 13.065289912073315
      },
      "Summer": {
        "rmse": 492.63951618948596,
        "mae": 207.5580282312134,
        "mbe": 2.8425668149733374,
        "nrmse": 0.036491816014036,
        "nmae": 0.015374668757867659,
        "nmbe": 0.004964955802836205,
        "r2": 0.6000250017178805,
        "mape_daytime": 1.2660498456980258,
        "skill_mae": 0.03412445178850898,
        "skill_rmse": 0.04704339161274407,
        "ramp_mae": 103.69273938813002
      },
      "Autumn": {
        "rmse": 325.29902507855877,
        "mae": 110.82830052743032,
        "mbe": -5.098559438376846,
        "nrmse": 0.02409622407989324,
        "nmae": 0.008209503742772616,
        "nmbe": -0.0203820122791092,
        "r2": 0.5926943628762562,
        "mape_daytime": 2.0174201468911477,
        "skill_mae": 0.3543717362832908,
        "skill_rmse": 0.13925507468273501,
        "ramp_mae": 40.034749644678286
      }
    }
  }
}