{
  "model": "random_forest_base_with_time_and_lag",
  "feature_set": "BASE_WITH_TIME_AND_LAG",
  "features": [
    "ghi_cloudy_sky",
    "clear_sky_index",
    "temperature_2m",
    "cloud_cover_low",
    "interval_cos_shifted",
    "month_cos_shifted",
    "doy_cos_shifted",
    "Solarproduktion_lag_96"
  ],
  "params": {
    "n_estimators": 300,
    "max_features": "sqrt",
    "min_samples_leaf": 4,
    "n_jobs": -1,
    "random_state": 42
  },
  "splits": {
    "train": {
      "rmse": 210.29112915723292,
      "mae": 80.40176905089734,
      "mbe": -0.2116842268940161,
      "nrmse": 0.01557712067831355,
      "nmae": 0.005955686596362766,
      "nmbe": -0.0005827898243256616,
      "r2": 0.896691915098953,
      "mape_daytime": 0.9949178228916128,
      "skill_mae": 0.5843406982755033,
      "skill_rmse": 0.5422088011425319,
      "ramp_mae": 53.42033486646272
    },
    "val": {
      "rmse": 395.589010640693,
      "mae": 144.02846627556596,
      "mbe": -5.233552868075588,
      "nrmse": 0.02930288967708837,
      "nmae": 0.010668775279671553,
      "nmbe": -0.014014913112397522,
      "r2": 0.6299579555072053,
      "mape_daytime": 1.628831514498367,
      "skill_mae": 0.21939190822257193,
      "skill_rmse": 0.0869911075240205,
      "ramp_mae": 66.5033636109792
    }
  },
  "by_season": {
    "train": {
      "Winter": {
        "rmse": 132.32663919890447,
        "mae": 38.912683642360854,
        "mbe": -1.1722217844632015,
        "nrmse": 0.009801973273992924,
        "nmae": 0.0028824210105452483,
        "nmbe": -0.009320144810052064,
        "r2": 0.8749594259063822,
        "mape_daytime": 1.3994271221924237,
        "skill_mae": 0.6350854551266082,
        "skill_rmse": 0.5868558851240943,
        "ramp_mae": 24.15373781500726
      },
      "Spring": {
        "rmse": 255.10330314028243,
        "mae": 100.07946773657304,
        "mbe": -4.3517962644161505,
        "nrmse": 0.018896540973354255,
        "nmae": 0.007413293906412818,
        "nmbe": -0.009484899094122692,
        "r2": 0.8864178372085081,
        "mape_daytime": 0.9089154431093068,
        "skill_mae": 0.5962078403650706,
        "skill_rmse": 0.5487102401253473,
        "ramp_mae": 62.75190051491935
      },
      "Summer": {
        "rmse": 238.29988648132903,
        "mae": 110.09389708011028,
        "mbe": 6.054196933850012,
        "nrmse": 0.01765184344306141,
        "nmae": 0.008155103487415577,
        "nmbe": 0.01078755635889047,
        "r2": 0.8928468454396147,
        "mape_daytime": 0.8012258203966296,
        "skill_mae": 0.5051215466160139,
        "skill_rmse": 0.4833823278557531,
        "ramp_mae": 80.09050949525118
      },
      "Autumn": {
        "rmse": 168.93267071320997,
        "mae": 64.27636846554975,
        "mbe": 0.33074888142582975,
        "nrmse": 0.01251353116394148,
        "nmae": 0.004761212478929611,
        "nmbe": 0.0012419137411433302,
        "r2": 0.901066842058233,
        "mape_daytime": 1.1366969426868443,
        "skill_mae": 0.6337379459501307,
        "skill_rmse": 0.5835754345638293,
        "ramp_mae": 42.740477638456596
      }
    },
    "val": {
      "Winter": {
        "rmse": 84.32428444558249,
        "mae": 28.770342181305157,
        "mbe": 3.056930787528492,
        "nrmse": 0.00624624329226537,
        "nmae": 0.0021311364578744563,
        "nmbe": 0.05025466011772573,
        "r2": 0.7983390968234005,
        "mape_daytime": 3.007059418324305,
        "skill_mae": 0.7079814684904877,
        "skill_rmse": 0.5498523268269833,
        "ramp_mae": 12.515690441302281
      },
      "Summer": {
        "rmse": 493.1572510772342,
        "mae": 203.62060989840236,
        "mbe": -3.5084536123964876,
        "nrmse": 0.03653016674646179,
        "nmae": 0.015083008140622398,
        "nmbe": -0.006128023809358717,
        "r2": 0.5991838599947594,
        "mape_daytime": 1.3429226674192332,
        "skill_mae": 0.05244730888611704,
        "skill_rmse": 0.046041890786158834,
        "ramp_mae": 105.67766671741059
      },
      "Autumn": {
        "rmse": 323.8231294572387,
        "mae": 110.51015024012244,
        "mbe": -8.015254703999533,
        "nrmse": 0.023986898478313975,
        "nmae": 0.008185937054823884,
        "nmbe": -0.03204179960469678,
        "r2": 0.5963819048593595,
        "mape_daytime": 1.8620703264435239,
        "skill_mae": 0.35622511503779686,
        "skill_rmse": 0.14316031130630757,
        "ramp_mae": 41.086776808253866
      }
    }
  }
}