{
  "model": "random_forest_A_ohne_zeit",
  "features": [
    "ghi_cloudy_sky",
    "clear_sky_index",
    "temperature_2m",
    "cloud_cover_low"
  ],
  "params": {
    "n_estimators": 300,
    "max_features": "sqrt",
    "min_samples_leaf": 4,
    "n_jobs": -1,
    "random_state": 42
  },
  "val": {
    "rmse": 485.8429335781891,
    "mae": 235.73883418903884,
    "mbe": -4.082463113916462,
    "nrmse": 0.03598836545023623,
    "nmae": 0.01746213586585473,
    "nmbe": -0.010932501538919729,
    "r2": 0.4418003679263204,
    "mape_daytime": 6.23894137064132,
    "skill_mae": -0.11281938547551196,
    "skill_rmse": 0.16031670146453725,
    "ramp_mae": 95.08982271702438
  },
  "test": {
    "rmse": 477.9851468503146,
    "mae": 209.6549854491911,
    "mbe": -9.361398995194618,
    "nrmse": 0.03540630717409738,
    "nmae": 0.015529998922162303,
    "nmbe": -0.026406753047188154,
    "r2": 0.4582371329977475,
    "mape_daytime": 5.1575333826463226,
    "skill_mae": -0.009817705661538945,
    "skill_rmse": 0.19311366827061183,
    "ramp_mae": 84.21447653535617
  }
}