{
  "model": "random_forest_A_ohne_zeit",
  "features": [
    "ghi_cloudy_sky",
    "clear_sky_index",
    "temperature_2m",
    "cloud_cover_low"
  ],
  "params": {
    "n_estimators": 300,
    "max_features": "sqrt",
    "min_samples_leaf": 4,
    "n_jobs": -1,
    "random_state": 42
  },
  "val": {
    "rmse": 488.7883452961926,
    "mae": 238.86545252837104,
    "mbe": 4.347443750790505,
    "nrmse": 0.036206544096014266,
    "nmae": 0.01769373722432378,
    "nmbe": 0.011643324304715036,
    "r2": 0.4350144820960544,
    "mape_daytime": 6.6577661607947505,
    "skill_mae": -0.12929952009766166,
    "skill_rmse": 0.1543107775760182,
    "ramp_mae": 97.78298097503942
  },
  "test": {
    "rmse": 475.0554940564572,
    "mae": 206.41911530971487,
    "mbe": -17.515566279165142,
    "nrmse": 0.035189295856033864,
    "nmae": 0.015290304837756657,
    "nmbe": -0.049399730729536316,
    "r2": 0.4649217680291128,
    "mape_daytime": 4.952736851798014,
    "skill_mae": 0.006005552604903874,
    "skill_rmse": 0.19814354824339186,
    "ramp_mae": 85.66518838973397
  }
}