{
  "model": "xgboost_B_mit_zeit",
  "features": [
    "ghi_cloudy_sky",
    "clear_sky_index",
    "hour_sin",
    "hour_cos",
    "day_sin",
    "day_cos",
    "temperature_2m",
    "cloud_cover_low"
  ],
  "params": {
    "n_estimators": 500,
    "learning_rate": 0.05,
    "max_depth": 5,
    "subsample": 0.8,
    "colsample_bytree": 0.8,
    "eval_metric": "mae",
    "random_state": 42,
    "n_jobs": -1,
    "best_iteration": 80
  },
  "val": {
    "rmse": 399.8372325084296,
    "mae": 151.7783966064453,
    "mbe": -1.3343238755946594,
    "nrmse": 0.029617572778402195,
    "nmae": 0.011242844193070024,
    "nmbe": -0.003573586342145985,
    "r2": 0.6219388246536255,
    "mape_daytime": 2.492097603758351,
    "skill_mae": 0.2842661499344219,
    "skill_rmse": 0.308842756541458,
    "ramp_mae": 68.8647378252203
  },
  "test": {
    "rmse": 373.6825189917238,
    "mae": 149.31234741210938,
    "mbe": -23.63542404303062,
    "nrmse": 0.02768018659197954,
    "nmae": 0.011060173882378472,
    "nmbe": -0.06665976793413571,
    "r2": 0.6689190864562988,
    "mape_daytime": 2.412790087509827,
    "skill_mae": 0.2812967136508857,
    "skill_rmse": 0.36932101358719027,
    "ramp_mae": 61.05871078120777
  }
}