{
  "model": "xgboost_A_ohne_zeit",
  "features": [
    "ghi_cloudy_sky",
    "clear_sky_index",
    "temperature_2m",
    "cloud_cover_low"
  ],
  "params": {
    "n_estimators": 500,
    "learning_rate": 0.05,
    "max_depth": 5,
    "subsample": 0.8,
    "colsample_bytree": 0.8,
    "eval_metric": "mae",
    "random_state": 42,
    "n_jobs": -1,
    "best_iteration": 104
  },
  "val": {
    "rmse": 482.55823806562455,
    "mae": 236.88577270507812,
    "mbe": 5.421199723112918,
    "nrmse": 0.03574505467152774,
    "nmae": 0.017547094274450233,
    "nmbe": 0.014519057661265353,
    "r2": 0.4493253231048584,
    "mape_daytime": 7.075269280086917,
    "skill_mae": -0.1185411169625834,
    "skill_rmse": 0.16558321636159867,
    "ramp_mae": 76.2027491784385
  },
  "test": {
    "rmse": 467.56602140767245,
    "mae": 204.073486328125,
    "mbe": -23.061241966588355,
    "nrmse": 0.03463452010427203,
    "nmae": 0.015116554542824075,
    "nmbe": -0.06504038323860842,
    "r2": 0.48166024684906006,
    "mape_daytime": 5.233553894732866,
    "skill_mae": 0.017360779935980397,
    "skill_rmse": 0.21078529132472945,
    "ramp_mae": 65.05243638268674
  }
}