{
  "model": "xgboost_A_ohne_zeit",
  "features": [
    "ghi_cloudy_sky",
    "clear_sky_index",
    "temperature_2m",
    "cloud_cover_low"
  ],
  "params": {
    "n_estimators": 500,
    "learning_rate": 0.05,
    "max_depth": 5,
    "subsample": 0.8,
    "colsample_bytree": 0.8,
    "eval_metric": "mae",
    "random_state": 42,
    "n_jobs": -1,
    "best_iteration": 126
  },
  "val": {
    "rmse": 477.8945686550539,
    "mae": 233.11019897460938,
    "mbe": -3.087470857328246,
    "nrmse": 0.03539959767815214,
    "nmae": 0.01726742214626736,
    "nmbe": -0.008267993845198416,
    "r2": 0.4599152207374573,
    "mape_daytime": 6.720441780151212,
    "skill_mae": -0.09967292036858644,
    "skill_rmse": 0.1742732555776918,
    "ramp_mae": 76.35730308560497
  },
  "test": {
    "rmse": 469.8671354755512,
    "mae": 205.4088592529297,
    "mbe": -14.433068232329166,
    "nrmse": 0.03480497299818898,
    "nmae": 0.01521547105577257,
    "nmbe": -0.04071298197202942,
    "r2": 0.47648322582244873,
    "mape_daytime": 5.491877579447873,
    "skill_mae": 0.010709023112600136,
    "skill_rmse": 0.2068360504753488,
    "ramp_mae": 66.77385563162025
  }
}