{
  "method": "10. Perzentil pro (hour, day_of_week)",
  "percentile": 10,
  "lookup": {
    "0_0": 68.5,
    "0_1": 70.0,
    "0_2": 68.5,
    "0_3": 68.0,
    "0_4": 70.0,
    "0_5": 75.0,
    "0_6": 69.0,
    "1_0": 65.0,
    "1_1": 68.0,
    "1_2": 66.0,
    "1_3": 67.0,
    "1_4": 67.0,
    "1_5": 70.0,
    "1_6": 67.0,
    "2_0": 64.0,
    "2_1": 66.0,
    "2_2": 66.0,
    "2_3": 65.0,
    "2_4": 66.0,
    "2_5": 67.0,
    "2_6": 65.1,
    "3_0": 64.0,
    "3_1": 65.0,
    "3_2": 65.0,
    "3_3": 64.0,
    "3_4": 66.0,
    "3_5": 65.0,
    "3_6": 65.0,
    "4_0": 64.0,
    "4_1": 65.1,
    "4_2": 65.0,
    "4_3": 64.0,
    "4_4": 65.0,
    "4_5": 65.0,
    "4_6": 65.0,
    "5_0": 63.0,
    "5_1": 65.0,
    "5_2": 64.0,
    "5_3": 65.0,
    "5_4": 64.0,
    "5_5": 65.0,
    "5_6": 65.0,
    "6_0": 64.0,
    "6_1": 66.0,
    "6_2": 66.0,
    "6_3": 65.0,
    "6_4": 65.0,
    "6_5": 65.0,
    "6_6": 66.0,
    "7_0": 69.0,
    "7_1": 69.0,
    "7_2": 70.0,
    "7_3": 68.0,
    "7_4": 68.5,
    "7_5": 67.0,
    "7_6": 67.0,
    "8_0": 72.0,
    "8_1": 73.0,
    "8_2": 72.5,
    "8_3": 71.0,
    "8_4": 70.0,
    "8_5": 67.5,
    "8_6": 68.0,
    "9_0": 77.5,
    "9_1": 75.1,
    "9_2": 76.0,
    "9_3": 77.0,
    "9_4": 77.5,
    "9_5": 69.0,
    "9_6": 70.0,
    "10_0": 78.5,
    "10_1": 83.0,
    "10_2": 85.0,
    "10_3": 89.0,
    "10_4": 86.5,
    "10_5": 69.0,
    "10_6": 70.0,
    "11_0": 78.0,
    "11_1": 81.0,
    "11_2": 86.5,
    "11_3": 86.1,
    "11_4": 88.5,
    "11_5": 72.0,
    "11_6": 68.1,
    "12_0": 77.5,
    "12_1": 79.0,
    "12_2": 77.0,
    "12_3": 88.0,
    "12_4": 86.0,
    "12_5": 72.5,
    "12_6": 72.1,
    "13_0": 82.0,
    "13_1": 79.1,
    "13_2": 80.5,
    "13_3": 82.30000000000001,
    "13_4": 79.5,
    "13_5": 72.0,
    "13_6": 73.1,
    "14_0": 79.0,
    "14_1": 79.1,
    "14_2": 78.5,
    "14_3": 97.0,
    "14_4": 80.0,
    "14_5": 72.0,
    "14_6": 71.0,
    "15_0": 79.9,
    "15_1": 80.1,
    "15_2": 76.0,
    "15_3": 92.30000000000001,
    "15_4": 91.5,
    "15_5": 72.0,
    "15_6": 72.1,
    "16_0": 80.0,
    "16_1": 82.1,
    "16_2": 81.0,
    "16_3": 93.0,
    "16_4": 86.0,
    "16_5": 70.5,
    "16_6": 73.0,
    "17_0": 91.9,
    "17_1": 81.1,
    "17_2": 85.0,
    "17_3": 85.1,
    "17_4": 83.5,
    "17_5": 70.5,
    "17_6": 76.0,
    "18_0": 101.0,
    "18_1": 105.0,
    "18_2": 84.5,
    "18_3": 97.0,
    "18_4": 100.5,
    "18_5": 70.5,
    "18_6": 79.0,
    "19_0": 97.40000000000003,
    "19_1": 94.2,
    "19_2": 98.5,
    "19_3": 104.0,
    "19_4": 97.0,
    "19_5": 72.0,
    "19_6": 84.1,
    "20_0": 102.0,
    "20_1": 112.2,
    "20_2": 114.5,
    "20_3": 108.30000000000001,
    "20_4": 104.0,
    "20_5": 71.0,
    "20_6": 95.0,
    "21_0": 120.0,
    "21_1": 113.2,
    "21_2": 123.0,
    "21_3": 118.1,
    "21_4": 107.5,
    "21_5": 73.0,
    "21_6": 116.1,
    "22_0": 106.0,
    "22_1": 94.1,
    "22_2": 100.5,
    "22_3": 105.1,
    "22_4": 105.0,
    "22_5": 76.0,
    "22_6": 101.0,
    "23_0": 75.0,
    "23_1": 71.1,
    "23_2": 74.0,
    "23_3": 79.1,
    "23_4": 88.5,
    "23_5": 76.0,
    "23_6": 74.0
  },
  "stats": {
    "median_kw": 73.55,
    "min_kw": 63.0,
    "max_kw": 123.0
  }
}