{
  "model": "linear_regression_base_with_time",
  "feature_set": "BASE_WITH_TIME",
  "features": [
    "ghi_cloudy_sky",
    "clear_sky_index",
    "temperature_2m",
    "cloud_cover_low",
    "interval_cos_shifted",
    "month_cos_shifted",
    "doy_cos_shifted"
  ],
  "params": {},
  "splits": {
    "train": {
      "rmse": 452.38954547111473,
      "mae": 240.3289570520632,
      "mbe": -5.655759313378911e-14,
      "nrmse": 0.03351033670156405,
      "nmae": 0.017802144966819495,
      "nmbe": -1.5585054845503833e-16,
      "r2": 0.5214749454457981,
      "mape_daytime": 7.480950493684929,
      "skill_mae": -0.24351296334756145,
      "skill_rmse": 0.014624933507699334,
      "ramp_mae": 74.85316071713797
    },
    "val": {
      "rmse": 444.3187970909266,
      "mae": 240.5604529455103,
      "mbe": -6.884818403541563,
      "nrmse": 0.03291250348821678,
      "nmae": 0.01781929281077854,
      "nmbe": -0.018436831374887875,
      "r2": 0.5331772549681071,
      "mape_daytime": 7.730362488469691,
      "skill_mae": -0.30379390259997163,
      "skill_rmse": -0.025475940752831105,
      "ramp_mae": 72.02460866459764
    }
  },
  "by_season": {
    "train": {
      "Winter": {
        "rmse": 325.25849427217025,
        "mae": 199.8608238676521,
        "mbe": -3.19673528368195,
        "nrmse": 0.024093221797938536,
        "nmae": 0.014804505471677934,
        "nmbe": -0.02546173947947312,
        "r2": 0.2414102532679091,
        "mape_daytime": 9.953857081586454,
        "skill_mae": -0.8790712914519296,
        "skill_rmse": -0.017803588536498882,
        "ramp_mae": 40.95840765650649
      },
      "Spring": {
        "rmse": 541.7347621306276,
        "mae": 263.56054553204507,
        "mbe": -8.691328825638044,
        "nrmse": 0.040128500898565005,
        "nmae": 0.01952300337274408,
        "nmbe": -0.018943068998676257,
        "r2": 0.48778607752246494,
        "mape_daytime": 6.629691345327113,
        "skill_mae": -0.06339176538259284,
        "skill_rmse": 0.041645687420822086,
        "ramp_mae": 84.77573504439573
      },
      "Summer": {
        "rmse": 481.88101293761196,
        "mae": 274.88341733385596,
        "mbe": 27.334772696583933,
        "nrmse": 0.035694889847230515,
        "nmae": 0.020361734617322665,
        "nmbe": 0.04870594799669675,
        "r2": 0.5618357712798461,
        "mape_daytime": 6.774062684992086,
        "skill_mae": -0.2356169055592412,
        "skill_rmse": -0.044684707283090264,
        "ramp_mae": 106.23064152086059
      },
      "Autumn": {
        "rmse": 387.3887872073483,
        "mae": 212.6356466046574,
        "mbe": -12.918190069293667,
        "nrmse": 0.028695465719062837,
        "nmae": 0.01575078863738203,
        "nmbe": -0.04850591690165643,
        "r2": 0.47975409777168276,
        "mape_daytime": 8.200924902117842,
        "skill_mae": -0.21164855060823062,
        "skill_rmse": 0.04507395350702503,
        "ramp_mae": 63.51949297392533
      }
    },
    "val": {
      "Winter": {
        "rmse": 225.66543261759824,
        "mae": 197.05123931352276,
        "mbe": -25.277982688317177,
        "nrmse": 0.016715957971673943,
        "nmae": 0.014596388097297982,
        "nmbe": -0.4155594342030207,
        "r2": -0.44426357033207786,
        "mape_daytime": 10.378601576722989,
        "skill_mae": -1.0000670542547572,
        "skill_rmse": -0.20466802744053036,
        "ramp_mae": 23.268248404182124
      },
      "Summer": {
        "rmse": 545.1371680450188,
        "mae": 283.350291615472,
        "mbe": 8.690059680388789,
        "nrmse": 0.04038053096629769,
        "nmae": 0.02098891049003496,
        "nmbe": 0.015178451394657524,
        "r2": 0.5102370337937252,
        "mape_daytime": 7.010218665200342,
        "skill_mae": -0.3185764028607332,
        "skill_rmse": -0.05450750435984175,
        "ramp_mae": 107.88305226242822
      },
      "Autumn": {
        "rmse": 366.16250717665184,
        "mae": 210.37775115402718,
        "mbe": -17.472608402369264,
        "nrmse": 0.027123148679751987,
        "nmae": 0.015583537122520532,
        "nmbe": -0.06984853727988152,
        "r2": 0.48393709400504326,
        "mape_daytime": 8.40186197599598,
        "skill_mae": -0.22555179097583666,
        "skill_rmse": 0.031129835640803294,
        "ramp_mae": 48.656288284720034
      }
    }
  }
}