{
  "model": "linear_regression_base",
  "feature_set": "BASE",
  "features": [
    "ghi_cloudy_sky",
    "clear_sky_index",
    "temperature_2m",
    "cloud_cover_low"
  ],
  "params": {},
  "splits": {
    "train": {
      "rmse": 478.0634430288519,
      "mae": 231.74897398980153,
      "mbe": -4.31251647645142e-14,
      "nrmse": 0.035412106891026064,
      "nmae": 0.017166590665911224,
      "nmbe": -1.1883604319696672e-16,
      "r2": 0.4656194638760228,
      "mape_daytime": 6.626732196262197,
      "skill_mae": -0.19911831239040034,
      "skill_rmse": -0.04129682411542657,
      "ramp_mae": 71.5077196696199
    },
    "val": {
      "rmse": 478.9506896979908,
      "mae": 242.81221022945903,
      "mbe": 1.7412264611102513,
      "nrmse": 0.03547782886651784,
      "nmae": 0.017986089646626596,
      "nmbe": 0.00466282431392363,
      "r2": 0.45756932574747966,
      "mape_daytime": 7.340501891856087,
      "skill_mae": -0.3159980175365711,
      "skill_rmse": -0.10540542580680778,
      "ramp_mae": 69.62013496147435
    },
    "test": {
      "rmse": 474.485295291616,
      "mae": 216.6715009351491,
      "mbe": -37.90036854240135,
      "nrmse": 0.035147058910490074,
      "nmae": 0.016049740810011044,
      "nmbe": -0.10690378112539732,
      "r2": 0.4661630034040919,
      "mape_daytime": 5.445569344423989,
      "skill_mae": -0.16932385408720885,
      "skill_rmse": -0.02853983551673056,
      "ramp_mae": 61.27061778737071
    }
  },
  "by_season": {
    "train": {
      "Winter": {
        "rmse": 288.94738375851836,
        "mae": 99.1373452140224,
        "mbe": -2.9898613928105693,
        "nrmse": 0.021403509908038396,
        "nmae": 0.007343507052890549,
        "nmbe": -0.023814005573772563,
        "r2": 0.40133039782636604,
        "mape_daytime": 4.764675288633026,
        "skill_mae": 0.06792068751909286,
        "skill_rmse": 0.09582166410214499,
        "ramp_mae": 33.47673786049077
      },
      "Spring": {
        "rmse": 575.4894960158184,
        "mae": 278.4580861646089,
        "mbe": -21.664265192828648,
        "nrmse": 0.04262885155672729,
        "nmae": 0.020626524901082143,
        "nmbe": -0.04721805820334341,
        "r2": 0.42196681445661,
        "mape_daytime": 6.404876084589318,
        "skill_mae": -0.12349910049658397,
        "skill_rmse": -0.01806802683596187,
        "ramp_mae": 82.86969769143327
      },
      "Summer": {
        "rmse": 544.970275827309,
        "mae": 340.88993330227896,
        "mbe": 31.06991549261778,
        "nrmse": 0.04036816857980067,
        "nmae": 0.025251106170539182,
        "nmbe": 0.055361341579193826,
        "r2": 0.43959381372619466,
        "mape_daytime": 7.912430697030469,
        "skill_mae": -0.5323200235526899,
        "skill_rmse": -0.18145786572907796,
        "ramp_mae": 106.2966925391847
      },
      "Autumn": {
        "rmse": 400.015985825337,
        "mae": 190.03156430841366,
        "mbe": 2.465002742747666,
        "nrmse": 0.029630813764839777,
        "nmae": 0.014076412170993605,
        "nmbe": 0.009255725264972132,
        "r2": 0.4452858163102046,
        "mape_daytime": 6.5626958012317,
        "skill_mae": -0.08284510683290547,
        "skill_rmse": 0.013947495404086907,
        "ramp_mae": 58.86138087087261
      }
    },
    "val": {
      "Winter": {
        "rmse": 115.02231004099878,
        "mae": 54.507917990219696,
        "mbe": -1.1040791573354143,
        "nrmse": 0.008520171114148057,
        "nmae": 0.004037623554831089,
        "nmbe": -0.018150598312962007,
        "r2": 0.6247846908281212,
        "mape_daytime": 4.744978065855572,
        "skill_mae": 0.44674546910714574,
        "skill_rmse": 0.38597729505366263,
        "ramp_mae": 14.974361021436074
      },
      "Summer": {
        "rmse": 606.5668705901073,
        "mae": 353.08240211661376,
        "mbe": 10.666382793037211,
        "nrmse": 0.04493087930297091,
        "nmae": 0.026154252008638055,
        "nmbe": 0.018630386756294796,
        "r2": 0.39363834750972837,
        "mape_daytime": 8.077470430841682,
        "skill_mae": -0.6430762115754598,
        "skill_rmse": -0.17333646360453447,
        "ramp_mae": 109.20001480662886
      },
      "Autumn": {
        "rmse": 378.6964059506047,
        "mae": 176.8991234342593,
        "mbe": -5.524887176025312,
        "nrmse": 0.028051585625970717,
        "nmae": 0.013103638772908098,
        "nmbe": -0.022086300968630138,
        "r2": 0.44800230499163296,
        "mape_daytime": 6.6416192379728125,
        "skill_mae": -0.030522649651215206,
        "skill_rmse": -0.0020350032686118347,
        "ramp_mae": 43.95635500095277
      }
    },
    "test": {
      "Winter": {
        "rmse": 335.08625067629924,
        "mae": 122.00020863671354,
        "mbe": -34.76547674828583,
        "nrmse": 0.024821203753799943,
        "nmae": 0.00903705249160841,
        "nmbe": -0.20405575273357832,
        "r2": 0.4120616615805477,
        "mape_daytime": 4.257872297766072,
        "skill_mae": 0.021211707523638323,
        "skill_rmse": 0.05914420131816711,
        "ramp_mae": 38.110308241079444
      },
      "Spring": {
        "rmse": 568.7411267494916,
        "mae": 275.27550293041674,
        "mbe": -62.93204065659139,
        "nrmse": 0.042128972351814196,
        "nmae": 0.020390777994845684,
        "nmbe": -0.13247049978096334,
        "r2": 0.43631978606328936,
        "mape_daytime": 5.189711229259807,
        "skill_mae": -0.16904311187695642,
        "skill_rmse": -0.027017030569265632,
        "ramp_mae": 74.52634093074526
      },
      "Summer": {
        "rmse": 441.36035147324316,
        "mae": 328.4919482177598,
        "mbe": 91.11051951404573,
        "nrmse": 0.03269335936838838,
        "nmae": 0.024332736905019244,
        "nmbe": 0.1704734640156388,
        "r2": 0.4654371749553593,
        "mape_daytime": 9.58567589013715,
        "skill_mae": -0.7818796493783244,
        "skill_rmse": -0.5526729322684849,
        "ramp_mae": 94.9345459921024
      }
    }
  }
}