{
  "model": "linear_regression_base_with_time",
  "feature_set": "BASE_WITH_TIME",
  "features": [
    "ghi_cloudy_sky",
    "clear_sky_index",
    "temperature_2m",
    "cloud_cover_low",
    "interval_cos_shifted",
    "month_cos_shifted",
    "doy_cos_shifted"
  ],
  "params": {},
  "splits": {
    "train": {
      "rmse": 452.37890791918903,
      "mae": 240.32013226323625,
      "mbe": 5.655484555220424e-14,
      "nrmse": 0.03350954873475474,
      "nmae": 0.01780149127875824,
      "nmbe": 1.558505484550383e-16,
      "r2": 0.5214813606847006,
      "mape_daytime": 7.481050452412163,
      "skill_mae": -0.24352771289691,
      "skill_rmse": 0.014624168567670792,
      "ramp_mae": 74.84945479067613
    },
    "val": {
      "rmse": 444.2983642186619,
      "mae": 240.55449601661326,
      "mbe": -6.904955590160661,
      "nrmse": 0.0329109899421231,
      "nmae": 0.017818851556786166,
      "nmbe": -0.01849285277843489,
      "r2": 0.5331847229283091,
      "mape_daytime": 7.730389023622242,
      "skill_mae": -0.3039094107712559,
      "skill_rmse": -0.025486901580040078,
      "ramp_mae": 72.01822028445831
    }
  },
  "by_season": {
    "train": {
      "Winter": {
        "rmse": 325.25681424755913,
        "mae": 199.857970678945,
        "mbe": -3.1925338505734735,
        "nrmse": 0.024093097351671047,
        "nmae": 0.014804294124366298,
        "nmbe": -0.025428275402608665,
        "r2": 0.241418089780562,
        "mape_daytime": 9.953885112245262,
        "skill_mae": -0.879044466059715,
        "skill_rmse": -0.017798331379166754,
        "ramp_mae": 40.95825397002571
      },
      "Spring": {
        "rmse": 541.6951652639359,
        "mae": 263.53172841996707,
        "mbe": -8.694341713287345,
        "nrmse": 0.040125567797328586,
        "nmae": 0.01952086877184941,
        "nmbe": -0.018952497747882595,
        "r2": 0.4878120200539545,
        "mape_daytime": 6.629887044789671,
        "skill_mae": -0.06343608791392596,
        "skill_rmse": 0.04164337184150979,
        "ramp_mae": 84.76288843743717
      },
      "Summer": {
        "rmse": 481.88181643154275,
        "mae": 274.88501486047403,
        "mbe": 27.336946112095752,
        "nrmse": 0.03569494936529946,
        "nmae": 0.020361852952627706,
        "nmbe": 0.04870982065604054,
        "r2": 0.5618343100785016,
        "mape_daytime": 6.77418741266419,
        "skill_mae": -0.2356240865340542,
        "skill_rmse": -0.044686449202359535,
        "ramp_mae": 106.23064132450833
      },
      "Autumn": {
        "rmse": 387.3884296516542,
        "mae": 212.63386801429326,
        "mbe": -12.918661737277537,
        "nrmse": 0.028695439233455865,
        "nmae": 0.01575065688994765,
        "nmbe": -0.048507687946044854,
        "r2": 0.4797550581340111,
        "mape_daytime": 8.200856260503565,
        "skill_mae": -0.21163841577678877,
        "skill_rmse": 0.045074834893520044,
        "ramp_mae": 63.51940198448751
      }
    },
    "val": {
      "Winter": {
        "rmse": 225.61031662975478,
        "mae": 197.03328957589628,
        "mbe": -25.512960612043816,
        "nrmse": 0.016711875305907762,
        "nmae": 0.014595058487103428,
        "nmbe": -0.4200387171355235,
        "r2": -0.4454569154800083,
        "mape_daytime": 10.37849889686428,
        "skill_mae": -1.0028237109309903,
        "skill_rmse": -0.20525839562747072,
        "ramp_mae": 23.260434403946064
      },
      "Summer": {
        "rmse": 545.1379716184221,
        "mae": 283.351866480514,
        "mbe": 8.691845047665762,
        "nrmse": 0.040380590490253485,
        "nmae": 0.02098902714670474,
        "nmbe": 0.015181569797917321,
        "r2": 0.5102355898973754,
        "mape_daytime": 7.010326033079338,
        "skill_mae": -0.31858373152755837,
        "skill_rmse": -0.0545090587836341,
        "ramp_mae": 107.88305249235042
      },
      "Autumn": {
        "rmse": 366.162491293711,
        "mae": 210.37712042802613,
        "mbe": -17.47395132828011,
        "nrmse": 0.027123147503237854,
        "nmae": 0.01558349040207601,
        "nmbe": -0.06985390576341802,
        "r2": 0.4839371387753093,
        "mape_daytime": 8.401795988231909,
        "skill_mae": -0.22554811669290542,
        "skill_rmse": 0.03112987766724562,
        "ramp_mae": 48.65576536936113
      }
    }
  }
}