{
  "model": "linear_regression_base",
  "feature_set": "BASE",
  "features": [
    "ghi_cloudy_sky",
    "clear_sky_index",
    "temperature_2m",
    "cloud_cover_low"
  ],
  "params": {},
  "splits": {
    "train": {
      "rmse": 478.0518814132524,
      "mae": 231.73827631254767,
      "mbe": 7.06935569402553e-15,
      "nrmse": 0.03541125047505573,
      "nmae": 0.0171657982453739,
      "nmbe": 1.948131855687979e-17,
      "r2": 0.46562734414332674,
      "mape_daytime": 6.6266971883981025,
      "skill_mae": -0.1991212139395897,
      "skill_rmse": -0.04129693464736217,
      "ramp_mae": 71.50432389844565
    },
    "val": {
      "rmse": 478.9235992134427,
      "mae": 242.78572458741115,
      "mbe": 1.7377117729528966,
      "nrmse": 0.03547582216395872,
      "nmae": 0.017984127747215643,
      "nmbe": 0.0046539398507302035,
      "r2": 0.457589476142778,
      "mape_daytime": 7.340470937586349,
      "skill_mae": -0.31600363465491244,
      "skill_rmse": -0.10540555042251798,
      "ramp_mae": 69.6123247451063
    }
  },
  "by_season": {
    "train": {
      "Winter": {
        "rmse": 288.94737255110465,
        "mae": 99.13644809390907,
        "mbe": -2.9918458219015247,
        "nrmse": 0.021403509077859605,
        "nmae": 0.00734344059954882,
        "nmbe": -0.02382981139191062,
        "r2": 0.4013304442676088,
        "mape_daytime": 4.764634106757997,
        "skill_mae": 0.06792912215184044,
        "skill_rmse": 0.09582169917254624,
        "ramp_mae": 33.476761889418086
      },
      "Spring": {
        "rmse": 575.4462062746081,
        "mae": 278.4196628257543,
        "mbe": -21.657959013442213,
        "nrmse": 0.04262564490923023,
        "nmae": 0.02062367872783365,
        "nmbe": -0.04721144313878097,
        "r2": 0.42199855277793064,
        "mape_daytime": 6.404840673554386,
        "skill_mae": -0.12351373707038316,
        "skill_rmse": -0.018068318300798802,
        "ramp_mae": 82.85731551038018
      },
      "Summer": {
        "rmse": 544.9702854650004,
        "mae": 340.8893185431582,
        "mbe": 31.06920589374635,
        "nrmse": 0.04036816929370374,
        "nmae": 0.025251060632826533,
        "nmbe": 0.05536007719385893,
        "r2": 0.43959379390484987,
        "mape_daytime": 7.912398879637077,
        "skill_mae": -0.532317260174783,
        "skill_rmse": -0.1814578866229264,
        "ramp_mae": 106.29674640374839
      },
      "Autumn": {
        "rmse": 400.0159070818465,
        "mae": 190.0303723748086,
        "mbe": 2.463378393398992,
        "nrmse": 0.029630807931988627,
        "nmae": 0.014076323879615452,
        "nmbe": 0.009249626070417523,
        "r2": 0.44528603470211037,
        "mape_daytime": 6.562661677117072,
        "skill_mae": -0.08283831491138116,
        "skill_rmse": 0.013947689509369754,
        "ramp_mae": 58.86146289211293
      }
    },
    "val": {
      "Winter": {
        "rmse": 114.9398684304822,
        "mae": 54.453512918499484,
        "mbe": -1.1297850798653088,
        "nrmse": 0.008514064328183867,
        "nmae": 0.0040335935495184804,
        "nmbe": -0.018600486348944484,
        "r2": 0.6248295428073422,
        "mape_daytime": 4.744949487779436,
        "skill_mae": 0.44648547942631767,
        "skill_rmse": 0.3859667257792184,
        "ramp_mae": 14.952550043596117
      },
      "Summer": {
        "rmse": 606.5668951260593,
        "mae": 353.0817999821839,
        "mbe": 10.665768205804065,
        "nrmse": 0.04493088112044884,
        "nmae": 0.026154207406087697,
        "nmbe": 0.01862931329042814,
        "r2": 0.39363829845442566,
        "mape_daytime": 8.077439097382284,
        "skill_mae": -0.6430734095305208,
        "skill_rmse": -0.1733365110666174,
        "ramp_mae": 109.20007436740529
      },
      "Autumn": {
        "rmse": 378.696416228162,
        "mae": 176.8977460589968,
        "mbe": -5.526793221541582,
        "nrmse": 0.028051586387271257,
        "nmae": 0.013103536745110875,
        "nmbe": -0.022093920580323733,
        "r2": 0.4480022750299647,
        "mape_daytime": 6.641588537077295,
        "skill_mae": -0.03051462577649211,
        "skill_rmse": -0.0020350304631455707,
        "ramp_mae": 43.95644031726093
      }
    }
  }
}