{
  "model": "linear_regression_B_mit_zeit",
  "features": [
    "ghi_cloudy_sky",
    "clear_sky_index",
    "hour_sin",
    "hour_cos",
    "day_sin",
    "day_cos",
    "temperature_2m",
    "cloud_cover_low"
  ],
  "val": {
    "rmse": 442.0344499885639,
    "mae": 237.79334497858957,
    "mbe": -9.048241205236094,
    "nrmse": 0.03274329259174547,
    "nmae": 0.017614321850265895,
    "nmbe": -0.02423044817320171,
    "r2": 0.5379276304333374,
    "mape_daytime": 7.389241668867943,
    "skill_mae": -0.12335261720337698,
    "skill_rmse": 0.23579420715834343,
    "ramp_mae": 72.87354360015959
  },
  "test": {
    "rmse": 451.2972165029083,
    "mae": 237.677088141687,
    "mbe": -23.77458481922658,
    "nrmse": 0.03342942344465988,
    "nmae": 0.017605710232717554,
    "nmbe": -0.06706365046965856,
    "r2": 0.517046028425609,
    "mape_daytime": 6.526322177121023,
    "skill_mae": -0.14205387479346254,
    "skill_rmse": 0.2383866542812647,
    "ramp_mae": 65.03679779395694
  }
}