{
  "model": "linear_regression_B_mit_zeit",
  "features": [
    "ghi_cloudy_sky",
    "clear_sky_index",
    "hour_sin",
    "hour_cos",
    "day_sin",
    "day_cos",
    "temperature_2m",
    "cloud_cover_low"
  ],
  "val": {
    "rmse": 441.4704691984891,
    "mae": 237.15634566921437,
    "mbe": -8.860375421594794,
    "nrmse": 0.03270151623692512,
    "nmae": 0.0175671367162381,
    "nmbe": -0.023729858373991806,
    "r2": 0.5391082354399275,
    "mape_daytime": 7.3466486664152475,
    "skill_mae": -0.12042701134908684,
    "skill_rmse": 0.23676476861808804,
    "ramp_mae": 73.24805424862933
  },
  "test": {
    "rmse": 450.7526032316411,
    "mae": 237.26577785047377,
    "mbe": -24.353607351593215,
    "nrmse": 0.0333890817208623,
    "nmae": 0.0175752428037388,
    "nmbe": -0.06868528406601442,
    "r2": 0.5182684612270099,
    "mape_daytime": 6.458761610547931,
    "skill_mae": -0.13994873930557472,
    "skill_rmse": 0.23936137756581832,
    "ramp_mae": 65.50373455789637
  }
}