{
  "model": "linear_regression_A_ohne_zeit",
  "features": [
    "ghi_cloudy_sky",
    "clear_sky_index",
    "temperature_2m",
    "cloud_cover_low"
  ],
  "val": {
    "rmse": 478.9211584476632,
    "mae": 241.59689778640262,
    "mbe": -4.360538085643913,
    "nrmse": 0.03547564136649357,
    "nmae": 0.01789606650269649,
    "nmbe": -0.011677163516631754,
    "r2": 0.4575923405357746,
    "mape_daytime": 7.146357483115163,
    "skill_mae": -0.14056587101908202,
    "skill_rmse": 0.17213510611611493,
    "ramp_mae": 69.8537703033272
  },
  "test": {
    "rmse": 474.3042317519319,
    "mae": 219.70879702776762,
    "mbe": -32.21557308826122,
    "nrmse": 0.035133646796439405,
    "nmae": 0.016274725705760565,
    "nmbe": -0.0908740972638854,
    "r2": 0.4665491260757716,
    "mape_daytime": 5.573919243077833,
    "skill_mae": -0.058216276401877654,
    "skill_rmse": 0.19929320529469685,
    "ramp_mae": 61.57829714895874
  }
}