{
  "model": "linear_regression_A",
  "features": [
    "ghi_cloudy_sky",
    "clear_sky_index",
    "hour_sin",
    "hour_cos",
    "day_sin",
    "day_cos",
    "temperature_2m",
    "cloud_cover_low"
  ],
  "val": {
    "rmse": 265.9230968101355,
    "mae": 200.25145576771655,
    "mbe": -8.538000692515006,
    "nrmse": 0.01969800717112115,
    "nmae": 0.014833441167979003,
    "nmbe": -0.02545792698397672,
    "r2": 0.725268356864648,
    "mape_daytime": 6.897179003485864,
    "skill_mae": -0.338464428255165,
    "skill_rmse": 0.15156858526682393,
    "ramp_mae": 66.03968721267147
  },
  "test": {
    "rmse": 277.264577890675,
    "mae": 202.53987139369593,
    "mbe": -21.761889215235758,
    "nrmse": 0.02053811688079074,
    "nmae": 0.01500295343657007,
    "nmbe": -0.06794190872794449,
    "r2": 0.6948901635639246,
    "mape_daytime": 6.02642928745871,
    "skill_mae": -0.36662616760452615,
    "skill_rmse": 0.11840983413551365,
    "ramp_mae": 58.61429984837527
  }
}