{
  "model": "linear_regression_B",
  "features": [
    "ghi_cloudy_sky",
    "clear_sky_index",
    "hour_sin",
    "hour_cos",
    "day_sin",
    "day_cos",
    "temperature_2m",
    "cloud_cover_low",
    "Solarproduktion_lag_96"
  ],
  "val": {
    "rmse": 247.09169098112844,
    "mae": 169.33159635583212,
    "mbe": -8.348241526906438,
    "nrmse": 0.01830308822082433,
    "nmae": 0.01254308121154312,
    "nmbe": -0.024892118294497657,
    "r2": 0.7628010035804648,
    "mape_daytime": 4.797862670822405,
    "skill_mae": -0.1322408856728734,
    "skill_rmse": 0.21098358802564743,
    "ramp_mae": 66.29122766630223
  },
  "test": {
    "rmse": 252.4421687974589,
    "mae": 169.86320647067276,
    "mbe": -11.544865598937921,
    "nrmse": 0.01869941991092288,
    "nmae": 0.012582459738568353,
    "nmbe": -0.036043755072986614,
    "r2": 0.7470753048070264,
    "mape_daytime": 4.443309381684224,
    "skill_mae": -0.1466410189013081,
    "skill_rmse": 0.19708542238315063,
    "ramp_mae": 58.30888950755838
  }
}