{
  "model": "linear_regression_A_ohne_zeit",
  "features": [
    "ghi_cloudy_sky",
    "clear_sky_index",
    "temperature_2m",
    "cloud_cover_low"
  ],
  "val": {
    "rmse": 478.9237629133726,
    "mae": 242.78545372190067,
    "mbe": 1.736089332387485,
    "nrmse": 0.03547583428987945,
    "nmae": 0.017984107683103753,
    "nmbe": 0.004649594630239478,
    "r2": 0.457589105342174,
    "mape_daytime": 7.3404656832944735,
    "skill_mae": -0.14627150258056787,
    "skill_rmse": 0.1721135093515399,
    "ramp_mae": 69.6113184007651
  },
  "test": {
    "rmse": 474.5121998632559,
    "mae": 216.69116359189653,
    "mbe": -37.90598488554859,
    "nrmse": 0.03514905184172266,
    "nmae": 0.016051197303103445,
    "nmbe": -0.10690750253455274,
    "r2": 0.4661449458202157,
    "mape_daytime": 5.445494520930799,
    "skill_mae": -0.043511921357332284,
    "skill_rmse": 0.1990130906465193,
    "ramp_mae": 61.27712984165017
  }
}